(년-월-일:시),PM10등급,PM10,PM2.5등급,PM2.5,오존등급,오존,이산화질소등급,이산화질소,일산화탄소등급,일산화탄소,아황산가스등급,아황산가스
2021-05-15:15,보통,47,보통,19,좋음,0.017,좋음,0.023,좋음,0.4,좋음,0.003
2021-05-15:14,보통,43,보통,20,좋음,0.024,좋음,0.019,좋음,0.3,좋음,0.003
2021-05-15:13,보통,34,보통,24,보통,0.035,좋음,0.017,좋음,0.4,좋음,0.004
2021-05-15:12,보통,41,보통,27,보통,0.037,좋음,0.02,좋음,0.4,좋음,0.004
2021-05-15:11,보통,51,보통,34,보통,0.033,좋음,0.023,좋음,0.4,좋음,0.005
2021-05-15:10,보통,47,보통,31,좋음,0.028,좋음,0.029,좋음,0.5,좋음,0.005
2021-05-15:09,보통,66,나쁨,42,좋음,0.027,좋음,0.024,좋음,0.5,좋음,0.005
2021-05-15:08,나쁨,99,나쁨,69,좋음,0.016,보통,0.041,좋음,0.6,좋음,0.005
2021-05-15:07,나쁨,111,매우나쁨,76,좋음,0.005,보통,0.047,좋음,0.7,좋음,0.005
2021-05-15:06,나쁨,100,나쁨,68,좋음,0.007,보통,0.041,좋음,0.6,좋음,0.005
2021-05-15:05,나쁨,105,나쁨,72,좋음,0.019,보통,0.031,좋음,0.6,좋음,0.006
2021-05-15:04,나쁨,99,나쁨,72,좋음,0.019,좋음,0.03,좋음,0.6,좋음,0.006
2021-05-15:03,나쁨,97,나쁨,71,좋음,0.016,보통,0.037,좋음,0.6,좋음,0.005
2021-05-15:02,나쁨,94,나쁨,64,좋음,0.012,보통,0.049,좋음,0.7,좋음,0.006
2021-05-15:01,나쁨,95,나쁨,63,좋음,0.011,보통,0.055,좋음,0.7,좋음,0.006
2021-05-14:24,보통,80,나쁨,52,좋음,0.014,보통,0.054,좋음,0.7,좋음,0.006
2021-05-14:23,나쁨,82,나쁨,53,좋음,0.029,보통,0.044,좋음,0.6,좋음,0.005
2021-05-14:22,나쁨,82,나쁨,43,보통,0.04,보통,0.043,좋음,0.6,좋음,0.005
2021-05-14:21,보통,68,보통,35,보통,0.054,보통,0.033,좋음,0.5,좋음,0.005
2021-05-14:20,보통,68,나쁨,39,보통,0.076,좋음,0.029,좋음,0.5,좋음,0.005
2021-05-14:19,보통,72,나쁨,37,나쁨,0.093,좋음,0.03,좋음,0.5,좋음,0.005
2021-05-14:18,보통,43,보통,25,보통,0.072,좋음,0.027,좋음,0.4,좋음,0.004
2021-05-14:17,보통,45,보통,25,보통,0.082,좋음,0.019,좋음,0.3,좋음,0.004
2021-05-14:16,보통,42,보통,21,보통,0.085,좋음,0.022,좋음,0.3,좋음,0.004
2021-05-14:15,보통,43,보통,20,보통,0.071,좋음,0.02,좋음,0.3,좋음,0.004
2021-05-14:14,보통,41,보통,22,보통,0.071,좋음,0.024,좋음,0.4,좋음,0.004
2021-05-14:13,보통,50,보통,18,보통,0.053,좋음,0.024,좋음,0.4,좋음,0.004
2021-05-14:12,보통,58,보통,28,보통,0.045,좋음,0.025,좋음,0.4,좋음,0.004
2021-05-14:11,보통,76,나쁨,45,보통,0.045,보통,0.036,좋음,0.6,좋음,0.005
2021-05-14:10,보통,79,나쁨,44,좋음,0.019,보통,0.056,좋음,0.8,좋음,0.005
2021-05-14:09,보통,68,나쁨,39,좋음,0.013,보통,0.051,좋음,0.6,좋음,0.004
2021-05-14:08,보통,51,보통,29,좋음,0.009,보통,0.041,좋음,0.6,좋음,0.004
2021-05-14:07,보통,42,보통,27,좋음,0.005,보통,0.039,좋음,0.5,좋음,0.004
2021-05-14:06,보통,43,보통,23,좋음,0.007,보통,0.032,좋음,0.4,좋음,0.003
2021-05-14:05,보통,45,보통,24,좋음,0.013,좋음,0.023,좋음,0.4,좋음,0.004
2021-05-14:04,보통,46,보통,24,좋음,0.011,좋음,0.028,좋음,0.4,좋음,0.004
2021-05-14:03,보통,45,보통,26,좋음,0.015,좋음,0.028,좋음,0.4,좋음,0.004
2021-05-14:02,보통,46,보통,24,좋음,0.022,좋음,0.029,좋음,0.4,좋음,0.003
2021-05-14:01,보통,48,보통,25,좋음,0.02,보통,0.036,좋음,0.5,좋음,0.004
2021-05-13:24,보통,49,보통,24,좋음,0.024,보통,0.035,좋음,0.5,좋음,0.004
2021-05-13:23,보통,50,보통,25,보통,0.034,좋음,0.029,좋음,0.4,좋음,0.004
2021-05-13:22,보통,48,보통,23,보통,0.043,좋음,0.028,좋음,0.5,좋음,0.005
2021-05-13:21,보통,49,보통,27,보통,0.051,보통,0.031,좋음,0.5,좋음,0.004
2021-05-13:20,보통,50,보통,29,보통,0.064,좋음,0.029,좋음,0.4,좋음,0.004
2021-05-13:19,보통,55,보통,28,보통,0.067,좋음,0.024,좋음,0.4,좋음,0.005
2021-05-13:18,보통,60,보통,33,보통,0.085,좋음,0.019,좋음,0.4,좋음,0.005
2021-05-13:17,보통,72,나쁨,38,나쁨,0.111,좋음,0.019,좋음,0.4,좋음,0.004
2021-05-13:16,보통,65,보통,35,나쁨,0.123,좋음,0.025,좋음,0.4,좋음,0.004
2021-05-13:15,보통,53,보통,27,나쁨,0.093,좋음,0.023,좋음,0.4,좋음,0.004
2021-05-13:14,보통,55,보통,33,보통,0.078,좋음,0.024,좋음,0.4,좋음,0.004
2021-05-13:13,좋음,20,좋음,12,보통,0.064,보통,0.035,좋음,0.5,좋음,0.003
2021-05-13:12,,,,,,,,,,,,
2021-05-13:11,보통,43,보통,20,보통,0.044,좋음,0.028,좋음,0.4,좋음,0.001
2021-05-13:10,보통,36,보통,16,좋음,0.03,보통,0.037,좋음,0.5,좋음,0.001
2021-05-13:09,보통,39,보통,20,좋음,0.027,좋음,0.03,좋음,0.5,좋음,0.001
2021-05-13:08,보통,37,보통,19,좋음,0.015,보통,0.039,좋음,0.5,좋음,0.001
2021-05-13:07,보통,46,보통,22,좋음,0.01,보통,0.04,좋음,0.5,좋음,0.001
2021-05-13:06,보통,34,보통,20,좋음,0.01,보통,0.04,좋음,0.4,좋음,0.001
2021-05-13:05,보통,38,보통,23,좋음,0.011,보통,0.036,좋음,0.5,좋음,0.001
2021-05-13:04,보통,41,보통,23,좋음,0.007,보통,0.042,좋음,0.5,좋음,0.001
2021-05-13:03,보통,38,보통,20,좋음,0.01,보통,0.042,좋음,0.5,좋음,0.001
2021-05-13:02,보통,33,보통,18,좋음,0.017,보통,0.041,좋음,0.5,좋음,0.001
2021-05-13:01,보통,36,보통,20,좋음,0.025,보통,0.035,좋음,0.4,좋음,0.001
2021-05-12:24,보통,38,보통,20,좋음,0.016,보통,0.05,좋음,0.5,좋음,0.001
2021-05-12:23,보통,40,보통,19,보통,0.035,보통,0.036,좋음,0.4,좋음,0.001
2021-05-12:22,보통,43,보통,21,보통,0.044,보통,0.033,좋음,0.5,좋음,0.001
2021-05-12:21,보통,44,보통,25,보통,0.045,보통,0.042,좋음,0.5,좋음,0.001
2021-05-12:20,보통,42,보통,23,보통,0.04,보통,0.051,좋음,0.5,좋음,0.001
2021-05-12:19,보통,33,보통,16,보통,0.06,보통,0.031,좋음,0.4,좋음,0.001
2021-05-12:18,보통,32,좋음,15,보통,0.069,좋음,0.023,좋음,0.4,좋음,0.001
2021-05-12:17,좋음,30,좋음,13,보통,0.068,좋음,0.022,좋음,0.4,좋음,0.001
2021-05-12:16,좋음,27,좋음,12,보통,0.065,좋음,0.021,좋음,0.3,좋음,0.001
2021-05-12:15,좋음,27,좋음,11,보통,0.059,좋음,0.022,좋음,0.4,좋음,0.001
2021-05-12:14,좋음,24,좋음,13,보통,0.055,좋음,0.021,좋음,0.4,좋음,0.001
2021-05-12:13,좋음,22,좋음,11,보통,0.051,좋음,0.019,좋음,0.4,좋음,0.001
2021-05-12:12,좋음,21,좋음,9,보통,0.044,좋음,0.02,좋음,0.4,좋음,0.001
2021-05-12:11,좋음,23,좋음,10,보통,0.039,좋음,0.021,좋음,0.4,좋음,0.001
2021-05-12:10,좋음,22,좋음,8,보통,0.034,좋음,0.025,좋음,0.5,좋음,0.001
2021-05-12:09,좋음,19,좋음,8,좋음,0.029,좋음,0.027,좋음,0.4,좋음,0.001
2021-05-12:08,좋음,17,좋음,9,보통,0.031,좋음,0.023,좋음,0.3,좋음,0.001
2021-05-12:07,좋음,16,좋음,9,좋음,0.03,좋음,0.023,좋음,0.3,좋음,0.001
2021-05-12:06,좋음,17,좋음,9,보통,0.034,좋음,0.017,좋음,0.3,좋음,0.001
2021-05-12:05,좋음,17,좋음,12,보통,0.037,좋음,0.011,좋음,0.3,좋음,0.001
2021-05-12:04,좋음,18,좋음,10,보통,0.035,좋음,0.014,좋음,0.3,좋음,0.001
2021-05-12:03,좋음,16,좋음,9,보통,0.032,좋음,0.018,좋음,0.3,좋음,0.001
2021-05-12:02,좋음,16,좋음,8,보통,0.035,좋음,0.018,좋음,0.4,좋음,0.001
2021-05-12:01,좋음,21,좋음,7,좋음,0.027,좋음,0.026,좋음,0.4,좋음,0.001
2021-05-11:24,좋음,19,좋음,8,좋음,0.024,보통,0.032,좋음,0.4,좋음,0.001
2021-05-11:23,좋음,21,좋음,8,보통,0.033,좋음,0.023,좋음,0.4,좋음,0.001
2021-05-11:22,좋음,24,좋음,10,보통,0.035,좋음,0.021,좋음,0.4,좋음,0.001
2021-05-11:21,좋음,29,좋음,14,좋음,0.03,좋음,0.028,좋음,0.4,좋음,0.001
2021-05-11:20,보통,31,보통,17,보통,0.033,좋음,0.028,좋음,0.4,좋음,0.001
2021-05-11:19,좋음,27,좋음,13,보통,0.041,좋음,0.023,좋음,0.4,좋음,0.001
2021-05-11:18,좋음,26,좋음,11,보통,0.047,좋음,0.022,좋음,0.4,좋음,0.001
2021-05-11:17,좋음,26,좋음,12,보통,0.054,좋음,0.02,좋음,0.4,좋음,0.001
2021-05-11:16,좋음,24,좋음,10,보통,0.052,좋음,0.021,좋음,0.4,좋음,0.001
2021-05-11:15,좋음,25,좋음,9,보통,0.048,좋음,0.022,좋음,0.4,좋음,0.001
2021-05-11:14,좋음,23,좋음,11,보통,0.049,좋음,0.018,좋음,0.4,좋음,0.001
2021-05-11:13,좋음,27,좋음,12,보통,0.044,좋음,0.018,좋음,0.4,좋음,0.001
2021-05-11:12,좋음,30,좋음,10,보통,0.035,좋음,0.023,좋음,0.4,좋음,0.001
2021-05-11:11,좋음,30,좋음,9,보통,0.031,좋음,0.023,좋음,0.4,좋음,0.001
2021-05-11:10,좋음,26,좋음,8,좋음,0.023,좋음,0.025,좋음,0.4,좋음,0.001
2021-05-11:09,좋음,29,좋음,12,좋음,0.015,보통,0.034,좋음,0.4,좋음,0.001
2021-05-11:08,좋음,28,좋음,14,좋음,0.007,보통,0.038,좋음,0.5,좋음,0.001
2021-05-11:07,좋음,26,보통,16,좋음,0.005,보통,0.036,좋음,0.4,좋음,0.001
2021-05-11:06,좋음,21,좋음,11,좋음,0.004,보통,0.033,좋음,0.4,좋음,0.001
2021-05-11:05,좋음,23,좋음,12,좋음,0.008,보통,0.031,좋음,0.4,좋음,0.001
2021-05-11:04,좋음,22,좋음,11,좋음,0.007,보통,0.033,좋음,0.4,좋음,0.001
2021-05-11:03,좋음,26,좋음,11,좋음,0.004,보통,0.04,좋음,0.5,좋음,0.001
2021-05-11:02,좋음,18,좋음,11,좋음,0.006,보통,0.041,좋음,0.5,좋음,0.001
2021-05-11:01,좋음,22,좋음,11,좋음,0.013,보통,0.033,좋음,0.4,좋음,0.001
2021-05-10:24,좋음,19,좋음,10,좋음,0.014,보통,0.035,좋음,0.5,좋음,0.001
2021-05-10:23,좋음,19,좋음,11,좋음,0.021,좋음,0.028,좋음,0.4,좋음,0.001
2021-05-10:22,좋음,19,좋음,11,좋음,0.022,보통,0.031,좋음,0.4,좋음,0.001
2021-05-10:21,좋음,24,좋음,13,좋음,0.024,좋음,0.029,좋음,0.4,좋음,0.001
2021-05-10:20,좋음,24,좋음,14,좋음,0.023,좋음,0.028,좋음,0.4,좋음,0.001
2021-05-10:19,좋음,22,좋음,12,좋음,0.025,좋음,0.029,좋음,0.4,좋음,0.001
2021-05-10:18,좋음,21,좋음,12,좋음,0.024,보통,0.032,좋음,0.4,좋음,0.001
2021-05-10:17,좋음,22,좋음,10,좋음,0.026,좋음,0.029,좋음,0.3,좋음,0.001
2021-05-10:16,좋음,20,좋음,10,좋음,0.024,보통,0.031,좋음,0.3,좋음,0.001
2021-05-10:15,좋음,22,좋음,11,좋음,0.017,보통,0.037,좋음,0.4,좋음,0.001
2021-05-10:14,좋음,19,좋음,9,좋음,0.018,보통,0.036,좋음,0.4,좋음,0.001
2021-05-10:13,좋음,22,좋음,13,좋음,0.02,보통,0.039,좋음,0.4,좋음,0.001
2021-05-10:12,좋음,23,좋음,9,좋음,0.014,보통,0.048,좋음,0.5,좋음,0.002
2021-05-10:11,좋음,26,좋음,10,좋음,0.018,보통,0.042,좋음,0.4,좋음,0.002
2021-05-10:10,보통,40,좋음,13,좋음,0.009,보통,0.052,좋음,0.6,좋음,0.003
2021-05-10:09,보통,35,좋음,12,좋음,0.005,보통,0.048,좋음,0.5,좋음,0.002
2021-05-10:08,보통,31,좋음,11,좋음,0.009,보통,0.046,좋음,0.5,좋음,0.003
2021-05-10:07,보통,31,좋음,13,좋음,0.019,보통,0.037,좋음,0.4,좋음,0.003
2021-05-10:06,좋음,30,좋음,11,좋음,0.029,좋음,0.024,좋음,0.3,좋음,0.003
2021-05-10:05,좋음,28,좋음,14,좋음,0.019,좋음,0.03,좋음,0.4,좋음,0.003
2021-05-10:04,좋음,24,좋음,10,좋음,0.016,보통,0.031,좋음,0.4,좋음,0.003
2021-05-10:03,좋음,27,좋음,11,좋음,0.021,좋음,0.028,좋음,0.4,좋음,0.003
2021-05-10:02,좋음,27,좋음,10,좋음,0.02,보통,0.033,좋음,0.4,좋음,0.002
2021-05-10:01,보통,32,좋음,10,좋음,0.03,좋음,0.028,좋음,0.4,좋음,0.003
2021-05-09:24,좋음,28,좋음,10,좋음,0.026,보통,0.036,좋음,0.4,좋음,0.003
2021-05-09:23,좋음,28,좋음,9,보통,0.037,좋음,0.026,좋음,0.4,좋음,0.003
2021-05-09:22,좋음,29,좋음,10,보통,0.044,좋음,0.019,좋음,0.3,좋음,0.003
2021-05-09:21,보통,34,좋음,12,보통,0.046,좋음,0.018,좋음,0.3,좋음,0.003
2021-05-09:20,보통,35,좋음,12,보통,0.045,좋음,0.021,좋음,0.3,좋음,0.004
2021-05-09:19,보통,37,좋음,12,보통,0.055,좋음,0.014,좋음,0.3,좋음,0.003
2021-05-09:18,보통,37,좋음,10,보통,0.058,좋음,0.012,좋음,0.3,좋음,0.004
2021-05-09:17,보통,42,좋음,8,보통,0.059,좋음,0.009,좋음,0.3,좋음,0.003
2021-05-09:16,보통,40,좋음,6,보통,0.057,좋음,0.007,좋음,0.3,좋음,0.003
2021-05-09:15,보통,40,좋음,7,보통,0.056,좋음,0.005,좋음,0.3,좋음,0.002
2021-05-09:14,보통,33,좋음,7,보통,0.052,좋음,0.006,좋음,0.3,좋음,0.003
2021-05-09:13,보통,48,좋음,5,보통,0.051,좋음,0.005,좋음,0.3,좋음,0.002
2021-05-09:12,보통,60,좋음,6,보통,0.049,좋음,0.005,좋음,0.3,좋음,0.003
2021-05-09:11,보통,58,좋음,9,보통,0.047,좋음,0.006,좋음,0.3,좋음,0.003
2021-05-09:10,보통,47,좋음,5,보통,0.043,좋음,0.008,좋음,0.3,좋음,0.003
2021-05-09:09,보통,47,좋음,6,보통,0.038,좋음,0.009,좋음,0.3,좋음,0.003
2021-05-09:08,보통,65,보통,16,좋음,0.028,좋음,0.019,좋음,0.4,좋음,0.003
2021-05-09:07,보통,75,보통,20,좋음,0.02,좋음,0.022,좋음,0.4,좋음,0.002
2021-05-09:06,보통,63,보통,17,좋음,0.021,좋음,0.02,좋음,0.4,좋음,0.002
2021-05-09:05,보통,59,좋음,15,좋음,0.029,좋음,0.014,좋음,0.4,좋음,0.003
2021-05-09:04,보통,51,좋음,13,보통,0.034,좋음,0.011,좋음,0.3,좋음,0.003
2021-05-09:03,보통,59,보통,16,보통,0.034,좋음,0.011,좋음,0.3,좋음,0.002
2021-05-09:02,나쁨,82,보통,19,보통,0.035,좋음,0.012,좋음,0.3,좋음,0.003
2021-05-09:01,나쁨,141,보통,27,보통,0.036,좋음,0.013,좋음,0.4,좋음,0.002
2021-05-08:24,매우나쁨,233,나쁨,44,좋음,0.028,좋음,0.026,좋음,0.4,좋음,0.003
2021-05-08:23,매우나쁨,274,나쁨,49,보통,0.033,좋음,0.024,좋음,0.4,좋음,0.003
2021-05-08:22,매우나쁨,300,나쁨,50,보통,0.038,좋음,0.02,좋음,0.4,좋음,0.002
2021-05-08:21,매우나쁨,313,나쁨,55,보통,0.044,좋음,0.016,좋음,0.4,좋음,0.003
2021-05-08:20,매우나쁨,297,나쁨,52,보통,0.048,좋음,0.014,좋음,0.4,좋음,0.002
2021-05-08:19,매우나쁨,312,나쁨,53,보통,0.051,좋음,0.013,좋음,0.4,좋음,0.003
2021-05-08:18,매우나쁨,310,나쁨,53,보통,0.055,좋음,0.012,좋음,0.4,좋음,0.003
2021-05-08:17,매우나쁨,298,나쁨,54,보통,0.055,좋음,0.013,좋음,0.4,좋음,0.003
2021-05-08:16,매우나쁨,280,나쁨,48,보통,0.052,좋음,0.013,좋음,0.3,좋음,0.003
2021-05-08:15,매우나쁨,252,나쁨,43,보통,0.05,좋음,0.012,좋음,0.3,좋음,0.003
2021-05-08:14,매우나쁨,299,나쁨,54,보통,0.047,좋음,0.012,좋음,0.3,좋음,0.003
2021-05-08:13,매우나쁨,354,나쁨,66,보통,0.044,좋음,0.012,좋음,0.3,좋음,0.003
2021-05-08:12,매우나쁨,390,나쁨,66,보통,0.036,좋음,0.017,좋음,0.4,좋음,0.003
2021-05-08:11,매우나쁨,468,매우나쁨,81,보통,0.031,좋음,0.02,좋음,0.4,좋음,0.003
2021-05-08:10,매우나쁨,577,매우나쁨,101,좋음,0.022,좋음,0.023,좋음,0.4,좋음,0.003
2021-05-08:09,매우나쁨,636,매우나쁨,113,좋음,0.017,좋음,0.026,좋음,0.5,좋음,0.003
2021-05-08:08,매우나쁨,638,매우나쁨,111,좋음,0.011,좋음,0.029,좋음,0.4,좋음,0.003
2021-05-08:07,매우나쁨,658,매우나쁨,116,좋음,0.014,좋음,0.025,좋음,0.4,좋음,0.003
2021-05-08:06,매우나쁨,722,매우나쁨,123,좋음,0.013,좋음,0.023,좋음,0.5,좋음,0.002
2021-05-08:05,매우나쁨,759,매우나쁨,134,좋음,0.016,좋음,0.018,좋음,0.4,좋음,0.003
2021-05-08:04,매우나쁨,784,매우나쁨,142,좋음,0.016,좋음,0.019,좋음,0.4,좋음,0.002
2021-05-08:03,매우나쁨,798,매우나쁨,146,좋음,0.019,좋음,0.015,좋음,0.4,좋음,0.003
2021-05-08:02,매우나쁨,942,매우나쁨,162,좋음,0.02,좋음,0.016,좋음,0.4,좋음,0.002
2021-05-08:01,매우나쁨,1024,매우나쁨,172,좋음,0.015,좋음,0.021,좋음,0.4,좋음,0.002
2021-05-07:24,매우나쁨,998,매우나쁨,170,좋음,0.017,좋음,0.02,좋음,0.4,좋음,0.002
2021-05-07:23,매우나쁨,941,매우나쁨,166,좋음,0.017,좋음,0.021,좋음,0.4,좋음,0.003
2021-05-07:22,매우나쁨,786,매우나쁨,139,좋음,0.015,좋음,0.025,좋음,0.5,좋음,0.002
2021-05-07:21,매우나쁨,669,매우나쁨,118,좋음,0.018,좋음,0.025,좋음,0.4,좋음,0.002
2021-05-07:20,매우나쁨,728,매우나쁨,129,좋음,0.022,좋음,0.024,좋음,0.4,좋음,0.002
2021-05-07:19,매우나쁨,748,매우나쁨,140,좋음,0.021,좋음,0.025,좋음,0.4,좋음,0.002
2021-05-07:18,매우나쁨,703,매우나쁨,131,좋음,0.024,좋음,0.022,좋음,0.4,좋음,0.003
2021-05-07:17,매우나쁨,682,매우나쁨,127,좋음,0.03,좋음,0.018,좋음,0.4,좋음,0.003
2021-05-07:16,매우나쁨,675,매우나쁨,123,좋음,0.028,좋음,0.017,좋음,0.4,좋음,0.002
2021-05-07:15,매우나쁨,670,매우나쁨,120,좋음,0.027,좋음,0.014,좋음,0.4,좋음,0.002
2021-05-07:14,매우나쁨,534,매우나쁨,93,,,,,,,,
2021-05-07:13,매우나쁨,310,나쁨,52,,,,,,,,
2021-05-07:12,나쁨,140,보통,31,보통,0.032,좋음,0.019,좋음,0.4,좋음,0.003
2021-05-07:11,나쁨,85,보통,30,좋음,0.029,좋음,0.024,좋음,0.5,좋음,0.003
2021-05-07:10,보통,77,보통,22,좋음,0.027,보통,0.034,좋음,0.5,좋음,0.003
2021-05-07:09,보통,73,보통,18,좋음,0.03,보통,0.035,좋음,0.5,좋음,0.003
2021-05-07:08,보통,71,보통,18,보통,0.031,보통,0.036,좋음,0.3,좋음,0.002
2021-05-07:07,보통,72,보통,17,보통,0.035,보통,0.031,좋음,0.3,좋음,0.003
2021-05-07:06,보통,67,보통,18,보통,0.038,좋음,0.023,좋음,0.3,좋음,0.003
2021-05-07:05,보통,68,보통,19,좋음,0.023,보통,0.033,좋음,0.5,좋음,0.003
2021-05-07:04,보통,64,보통,18,좋음,0.022,보통,0.036,좋음,0.5,좋음,0.003
2021-05-07:03,보통,68,보통,18,좋음,0.022,보통,0.034,좋음,0.4,좋음,0.002
2021-05-07:02,보통,66,보통,18,좋음,0.025,보통,0.034,좋음,0.4,좋음,0.003
2021-05-07:01,보통,68,보통,19,좋음,0.023,보통,0.041,좋음,0.4,좋음,0.002
2021-05-06:24,보통,66,보통,18,좋음,0.021,보통,0.048,좋음,0.5,좋음,0.003
2021-05-06:23,보통,65,보통,20,좋음,0.022,보통,0.05,좋음,0.5,좋음,0.004
2021-05-06:22,보통,56,보통,17,보통,0.041,좋음,0.029,좋음,0.5,좋음,0.004
2021-05-06:21,보통,59,보통,19,보통,0.048,좋음,0.027,좋음,0.4,좋음,0.003
2021-05-06:20,보통,65,보통,20,보통,0.052,좋음,0.027,좋음,0.5,좋음,0.003
2021-05-06:19,보통,65,보통,19,보통,0.056,좋음,0.025,좋음,0.4,좋음,0.003
2021-05-06:18,보통,64,보통,19,보통,0.06,좋음,0.022,좋음,0.4,좋음,0.003
2021-05-06:17,나쁨,87,보통,27,보통,0.072,좋음,0.017,좋음,0.4,좋음,0.003
2021-05-06:16,나쁨,97,보통,32,보통,0.073,좋음,0.021,좋음,0.5,좋음,0.004
2021-05-06:15,나쁨,97,보통,33,보통,0.071,좋음,0.021,좋음,0.5,좋음,0.003
2021-05-06:14,나쁨,84,보통,25,보통,0.058,좋음,0.026,좋음,0.5,좋음,0.004
2021-05-06:13,보통,80,보통,20,보통,0.046,좋음,0.028,좋음,0.4,좋음,0.003
2021-05-06:12,보통,72,보통,16,보통,0.031,보통,0.032,좋음,0.4,좋음,0.003
2021-05-06:11,보통,79,좋음,15,좋음,0.023,보통,0.034,좋음,0.5,좋음,0.003
2021-05-06:10,나쁨,86,좋음,12,좋음,0.019,보통,0.038,좋음,0.5,좋음,0.003
2021-05-06:09,나쁨,87,좋음,15,좋음,0.012,보통,0.043,좋음,0.6,좋음,0.004
2021-05-06:08,보통,74,좋음,15,좋음,0.012,보통,0.04,좋음,0.5,좋음,0.003
2021-05-06:07,보통,68,보통,16,좋음,0.007,보통,0.041,좋음,0.5,좋음,0.003
2021-05-06:06,보통,67,보통,16,좋음,0.009,보통,0.037,좋음,0.5,좋음,0.002
2021-05-06:05,보통,70,보통,17,좋음,0.012,보통,0.034,좋음,0.5,좋음,0.003
2021-05-06:04,보통,68,보통,16,좋음,0.018,좋음,0.027,좋음,0.4,좋음,0.003
2021-05-06:03,보통,72,보통,17,좋음,0.018,좋음,0.027,좋음,0.4,좋음,0.003
2021-05-06:02,보통,66,보통,16,좋음,0.019,좋음,0.028,좋음,0.4,좋음,0.003
2021-05-06:01,보통,73,보통,18,좋음,0.015,보통,0.035,좋음,0.4,좋음,0.002
2021-05-05:24,보통,78,보통,17,좋음,0.022,보통,0.033,좋음,0.4,좋음,0.002
2021-05-05:23,나쁨,84,보통,18,보통,0.039,좋음,0.021,좋음,0.4,좋음,0.002
2021-05-05:22,보통,78,보통,16,보통,0.04,좋음,0.02,좋음,0.4,좋음,0.003
2021-05-05:21,보통,79,보통,17,보통,0.042,좋음,0.019,좋음,0.4,좋음,0.003
2021-05-05:20,보통,80,보통,16,보통,0.04,좋음,0.02,좋음,0.4,좋음,0.002
2021-05-05:19,보통,69,보통,16,보통,0.039,좋음,0.016,좋음,0.3,좋음,0.002
2021-05-05:18,보통,63,좋음,13,보통,0.038,좋음,0.014,좋음,0.3,좋음,0.002
2021-05-05:17,보통,69,좋음,13,보통,0.037,좋음,0.013,좋음,0.3,좋음,0.003
2021-05-05:16,보통,68,좋음,11,보통,0.043,좋음,0.011,좋음,0.3,좋음,0.003
2021-05-05:15,보통,52,좋음,11,보통,0.045,좋음,0.008,좋음,0.3,좋음,0.003
2021-05-05:14,보통,49,좋음,15,보통,0.05,좋음,0.009,좋음,0.4,좋음,0.002
2021-05-05:13,보통,55,보통,16,보통,0.049,좋음,0.009,좋음,0.4,좋음,0.002
2021-05-05:12,보통,55,보통,16,보통,0.046,좋음,0.009,좋음,0.4,좋음,0.003
2021-05-05:11,보통,51,보통,17,보통,0.042,좋음,0.013,좋음,0.4,좋음,0.003
2021-05-05:10,좋음,26,좋음,10,보통,0.036,좋음,0.015,좋음,0.4,좋음,0.003
2021-05-05:09,좋음,18,좋음,10,좋음,0.03,좋음,0.019,좋음,0.4,좋음,0.002
2021-05-05:08,좋음,15,좋음,8,좋음,0.029,좋음,0.017,좋음,0.4,좋음,0.002
2021-05-05:07,좋음,16,좋음,8,좋음,0.023,좋음,0.022,좋음,0.4,좋음,0.002
2021-05-05:06,좋음,13,좋음,7,좋음,0.03,좋음,0.011,좋음,0.4,좋음,0.002
2021-05-05:05,좋음,14,좋음,7,보통,0.033,좋음,0.006,좋음,0.4,좋음,0.002
2021-05-05:04,좋음,11,좋음,6,보통,0.034,좋음,0.005,좋음,0.4,좋음,0.002
2021-05-05:03,좋음,17,좋음,9,보통,0.036,좋음,0.005,좋음,0.3,좋음,0.002
2021-05-05:02,보통,41,좋음,13,보통,0.034,좋음,0.007,좋음,0.3,좋음,0.002
2021-05-05:01,좋음,29,좋음,8,보통,0.037,좋음,0.007,좋음,0.3,좋음,0.002
2021-05-04:24,좋음,8,좋음,4,보통,0.031,좋음,0.01,좋음,0.4,좋음,0.003
2021-05-04:23,좋음,9,좋음,3,좋음,0.022,좋음,0.016,좋음,0.4,좋음,0.002
2021-05-04:22,보통,39,보통,25,좋음,0.008,보통,0.038,좋음,0.6,좋음,0.003
2021-05-04:21,보통,65,나쁨,42,좋음,0.002,보통,0.052,좋음,0.8,좋음,0.003
2021-05-04:20,보통,62,나쁨,42,좋음,0.003,보통,0.057,좋음,1,좋음,0.004
2021-05-04:19,보통,49,보통,31,좋음,0.003,보통,0.054,좋음,0.8,좋음,0.003
2021-05-04:18,보통,52,보통,27,좋음,0.004,보통,0.051,좋음,0.7,좋음,0.003
2021-05-04:17,보통,59,보통,26,좋음,0.006,보통,0.05,좋음,0.6,좋음,0.003
2021-05-04:16,보통,52,보통,28,좋음,0.006,보통,0.051,좋음,0.6,좋음,0.003
2021-05-04:15,보통,46,보통,28,좋음,0.008,보통,0.049,좋음,0.6,좋음,0.003
2021-05-04:14,보통,39,보통,23,좋음,0.011,보통,0.049,좋음,0.6,좋음,0.003
2021-05-04:13,보통,40,보통,24,좋음,0.013,보통,0.045,좋음,0.6,좋음,0.003
2021-05-04:12,보통,33,보통,19,좋음,0.011,보통,0.046,좋음,0.6,좋음,0.003
2021-05-04:11,보통,39,보통,21,좋음,0.008,보통,0.05,좋음,0.6,좋음,0.002
2021-05-04:10,보통,34,보통,17,좋음,0.007,보통,0.05,좋음,0.5,좋음,0.003
2021-05-04:09,좋음,30,좋음,15,좋음,0.006,보통,0.052,좋음,0.6,좋음,0.003
2021-05-04:08,좋음,24,좋음,13,좋음,0.01,보통,0.046,좋음,0.5,좋음,0.003
2021-05-04:07,좋음,23,보통,17,좋음,0.015,보통,0.037,좋음,0.5,좋음,0.003
2021-05-04:06,좋음,26,좋음,15,좋음,0.013,보통,0.037,좋음,0.4,좋음,0.003
2021-05-04:05,좋음,26,좋음,14,좋음,0.013,보통,0.036,좋음,0.5,좋음,0.003
2021-05-04:04,좋음,19,좋음,11,좋음,0.017,보통,0.033,좋음,0.5,좋음,0.003
2021-05-04:03,좋음,19,좋음,11,좋음,0.024,좋음,0.026,좋음,0.4,좋음,0.003
2021-05-04:02,좋음,18,좋음,10,좋음,0.025,좋음,0.028,좋음,0.4,좋음,0.003
2021-05-04:01,좋음,22,좋음,12,보통,0.031,좋음,0.026,좋음,0.4,좋음,0.004
2021-05-03:24,보통,31,보통,17,좋음,0.028,보통,0.033,좋음,0.4,좋음,0.003
2021-05-03:23,보통,35,보통,18,보통,0.031,보통,0.032,좋음,0.4,좋음,0.003
2021-05-03:22,보통,31,보통,17,보통,0.032,보통,0.032,좋음,0.4,좋음,0.004
2021-05-03:21,보통,32,좋음,15,보통,0.032,보통,0.035,좋음,0.4,좋음,0.003
2021-05-03:20,좋음,28,좋음,14,보통,0.039,좋음,0.03,좋음,0.4,좋음,0.002
2021-05-03:19,보통,31,보통,18,보통,0.046,좋음,0.023,좋음,0.4,좋음,0.003
2021-05-03:18,보통,32,보통,18,보통,0.055,좋음,0.021,좋음,0.3,좋음,0.004
2021-05-03:17,보통,34,보통,18,보통,0.06,좋음,0.019,좋음,0.3,좋음,0.004
2021-05-03:16,보통,63,보통,17,보통,0.065,좋음,0.021,좋음,0.3,좋음,0.004
2021-05-03:15,보통,50,보통,19,보통,0.058,좋음,0.017,좋음,0.4,좋음,0.003
2021-05-03:14,보통,38,보통,21,보통,0.059,좋음,0.016,좋음,0.4,좋음,0.003
2021-05-03:13,보통,42,보통,23,보통,0.052,좋음,0.019,좋음,0.4,좋음,0.003
2021-05-03:12,보통,42,보통,22,보통,0.042,좋음,0.023,좋음,0.4,좋음,0.003
2021-05-03:11,보통,50,보통,26,보통,0.035,보통,0.031,좋음,0.5,좋음,0.002
2021-05-03:10,보통,46,보통,23,좋음,0.03,보통,0.036,좋음,0.5,좋음,0.003
2021-05-03:09,보통,46,보통,25,좋음,0.024,보통,0.037,좋음,0.5,좋음,0.003
2021-05-03:08,보통,38,보통,22,좋음,0.019,보통,0.035,좋음,0.5,좋음,0.002
2021-05-03:07,보통,36,보통,22,좋음,0.028,좋음,0.023,좋음,0.4,좋음,0.002
2021-05-03:06,보통,35,보통,21,보통,0.031,좋음,0.017,좋음,0.4,좋음,0.003
2021-05-03:05,보통,38,보통,24,보통,0.032,좋음,0.016,좋음,0.4,좋음,0.002
2021-05-03:04,보통,34,보통,20,좋음,0.021,좋음,0.023,좋음,0.4,좋음,0.002
2021-05-03:03,보통,37,보통,23,좋음,0.026,좋음,0.019,좋음,0.4,좋음,0.002
2021-05-03:02,보통,34,보통,20,보통,0.031,좋음,0.018,좋음,0.4,좋음,0.002
2021-05-03:01,좋음,30,보통,17,보통,0.031,좋음,0.019,좋음,0.4,좋음,0.002
2021-05-02:24,좋음,25,좋음,13,좋음,0.03,좋음,0.023,좋음,0.4,좋음,0.003
2021-05-02:23,좋음,28,좋음,13,보통,0.031,좋음,0.024,좋음,0.4,좋음,0.002
2021-05-02:22,좋음,28,좋음,14,보통,0.031,좋음,0.024,좋음,0.4,좋음,0.002
2021-05-02:21,좋음,25,좋음,13,보통,0.035,좋음,0.021,좋음,0.4,좋음,0.003
2021-05-02:20,좋음,23,좋음,11,보통,0.04,좋음,0.017,좋음,0.3,좋음,0.002
2021-05-02:19,좋음,22,좋음,11,보통,0.044,좋음,0.013,좋음,0.3,좋음,0.002
2021-05-02:18,좋음,23,좋음,11,보통,0.048,좋음,0.008,좋음,0.3,좋음,0.002
2021-05-02:17,좋음,28,좋음,13,보통,0.049,좋음,0.009,좋음,0.3,좋음,0.002
2021-05-02:16,좋음,25,좋음,10,보통,0.05,좋음,0.007,좋음,0.3,좋음,0.002
2021-05-02:15,좋음,22,좋음,9,보통,0.05,좋음,0.007,좋음,0.3,좋음,0.002
2021-05-02:14,좋음,22,좋음,9,보통,0.05,좋음,0.006,좋음,0.3,좋음,0.002
2021-05-02:13,좋음,23,좋음,9,보통,0.048,좋음,0.007,좋음,0.3,좋음,0.002
2021-05-02:12,좋음,19,좋음,7,보통,0.045,좋음,0.007,좋음,0.3,좋음,0.002
2021-05-02:11,좋음,20,좋음,9,보통,0.042,좋음,0.007,좋음,0.3,좋음,0.002
2021-05-02:10,좋음,7,좋음,1,보통,0.037,좋음,0.009,좋음,0.3,좋음,0.002
2021-05-02:09,좋음,6,좋음,4,보통,0.035,좋음,0.01,좋음,0.3,좋음,0.002
2021-05-02:08,좋음,4,좋음,2,보통,0.033,좋음,0.011,좋음,0.3,좋음,0.002
2021-05-02:07,좋음,6,좋음,2,보통,0.034,좋음,0.009,좋음,0.3,좋음,0.002
2021-05-02:06,좋음,4,좋음,3,보통,0.039,좋음,0.006,좋음,0.3,좋음,0.002
2021-05-02:05,좋음,6,좋음,4,보통,0.04,좋음,0.005,좋음,0.3,좋음,0.002
2021-05-02:04,좋음,3,좋음,3,보통,0.04,좋음,0.005,좋음,0.3,좋음,0.002
2021-05-02:03,좋음,5,좋음,2,보통,0.04,좋음,0.005,좋음,0.3,좋음,0.002
2021-05-02:02,좋음,3,좋음,2,보통,0.039,좋음,0.006,좋음,0.3,좋음,0.002
2021-05-02:01,좋음,6,좋음,4,보통,0.041,좋음,0.007,좋음,0.3,좋음,0.002
2021-05-01:24,좋음,5,좋음,3,보통,0.035,좋음,0.009,좋음,0.3,좋음,0.002
2021-05-01:23,좋음,10,좋음,6,보통,0.033,좋음,0.011,좋음,0.4,좋음,0.002
2021-05-01:22,좋음,11,좋음,7,보통,0.032,좋음,0.013,좋음,0.4,좋음,0.002
2021-05-01:21,좋음,14,좋음,6,보통,0.035,좋음,0.01,좋음,0.3,좋음,0.002
2021-05-01:20,좋음,12,좋음,6,보통,0.037,좋음,0.011,좋음,0.3,좋음,0.002
2021-05-01:19,좋음,16,좋음,5,보통,0.037,좋음,0.011,좋음,0.3,좋음,0.002
2021-05-01:18,좋음,11,좋음,5,보통,0.04,좋음,0.009,좋음,0.3,좋음,0.002
2021-05-01:17,좋음,15,좋음,8,보통,0.04,좋음,0.01,좋음,0.4,좋음,0.002
2021-05-01:16,좋음,19,좋음,11,보통,0.041,좋음,0.01,좋음,0.3,좋음,0.002
2021-05-01:15,보통,39,보통,17,보통,0.044,좋음,0.011,좋음,0.3,좋음,0.002
2021-05-01:14,보통,34,좋음,14,보통,0.048,좋음,0.008,좋음,0.3,좋음,0.002
2021-05-01:13,보통,32,좋음,14,보통,0.045,좋음,0.01,좋음,0.3,좋음,0.002
2021-05-01:12,좋음,29,좋음,9,보통,0.043,좋음,0.009,좋음,0.3,좋음,0.003
2021-05-01:11,,,,,,,,,,,,
2021-05-01:10,좋음,23,좋음,11,보통,0.038,좋음,0.011,좋음,0.3,좋음,0.003
2021-05-01:09,좋음,29,보통,16,보통,0.034,좋음,0.014,좋음,0.4,좋음,0.002
2021-05-01:08,보통,32,보통,17,보통,0.032,좋음,0.013,좋음,0.4,좋음,0.002
2021-05-01:07,보통,41,보통,22,좋음,0.027,좋음,0.016,좋음,0.4,좋음,0.002
2021-05-01:06,보통,45,보통,27,좋음,0.027,좋음,0.016,좋음,0.4,좋음,0.003
2021-05-01:05,보통,52,보통,33,좋음,0.027,좋음,0.017,좋음,0.5,좋음,0.003
2021-05-01:04,보통,47,보통,28,보통,0.032,좋음,0.015,좋음,0.6,좋음,0.004
2021-05-01:03,보통,37,보통,21,보통,0.037,좋음,0.014,좋음,0.5,좋음,0.003
2021-05-01:02,보통,34,보통,17,좋음,0.03,좋음,0.023,좋음,0.5,좋음,0.002
2021-05-01:01,보통,35,보통,16,보통,0.035,좋음,0.019,좋음,0.4,좋음,0.002
2021-04-30:24,보통,31,좋음,14,보통,0.038,좋음,0.018,좋음,0.4,좋음,0.003
2021-04-30:23,보통,39,보통,20,보통,0.034,좋음,0.025,좋음,0.4,좋음,0.002
2021-04-30:22,보통,78,보통,33,보통,0.035,좋음,0.024,좋음,0.5,좋음,0.002
2021-04-30:21,나쁨,94,나쁨,40,보통,0.033,좋음,0.027,좋음,0.5,좋음,0.002
2021-04-30:20,나쁨,84,나쁨,38,보통,0.037,좋음,0.024,좋음,0.5,좋음,0.002
2021-04-30:19,나쁨,81,보통,34,보통,0.04,좋음,0.021,좋음,0.5,좋음,0.002
2021-04-30:18,보통,72,보통,28,보통,0.045,좋음,0.021,좋음,0.4,좋음,0.002
2021-04-30:17,보통,71,보통,28,보통,0.047,좋음,0.021,좋음,0.4,좋음,0.003
2021-04-30:16,보통,53,보통,23,보통,0.044,좋음,0.023,좋음,0.5,좋음,0.002
2021-04-30:15,보통,33,보통,17,보통,0.039,좋음,0.026,좋음,0.5,좋음,0.002
2021-04-30:14,좋음,12,좋음,6,보통,0.039,좋음,0.029,좋음,0.4,좋음,0.002
2021-04-30:13,,,,,,,,,,,,
2021-04-30:12,좋음,19,좋음,11,보통,0.036,좋음,0.028,좋음,0.4,좋음,0.002
2021-04-30:11,좋음,19,좋음,8,보통,0.038,좋음,0.023,좋음,0.4,좋음,0.002
2021-04-30:10,좋음,12,좋음,7,보통,0.035,좋음,0.025,좋음,0.4,좋음,0.002
2021-04-30:09,좋음,17,좋음,8,보통,0.039,좋음,0.02,좋음,0.4,좋음,0.003
2021-04-30:08,좋음,12,좋음,7,보통,0.043,좋음,0.016,좋음,0.4,좋음,0.002
2021-04-30:07,좋음,12,좋음,8,보통,0.048,좋음,0.012,좋음,0.3,좋음,0.002
2021-04-30:06,좋음,11,좋음,7,보통,0.051,좋음,0.009,좋음,0.3,좋음,0.002
2021-04-30:05,좋음,12,좋음,10,보통,0.054,좋음,0.008,좋음,0.3,좋음,0.002
2021-04-30:04,좋음,17,좋음,10,보통,0.054,좋음,0.006,좋음,0.3,좋음,0.002
2021-04-30:03,좋음,27,좋음,12,보통,0.054,좋음,0.006,좋음,0.3,좋음,0.002
2021-04-30:02,좋음,28,좋음,13,보통,0.047,좋음,0.01,좋음,0.3,좋음,0.002
2021-04-30:01,보통,39,보통,17,보통,0.046,좋음,0.012,좋음,0.3,좋음,0.002
2021-04-29:24,보통,51,보통,21,보통,0.046,좋음,0.016,좋음,0.4,좋음,0.002
2021-04-29:23,보통,76,보통,24,보통,0.045,좋음,0.022,좋음,0.4,좋음,0.003
2021-04-29:22,나쁨,84,보통,27,보통,0.042,좋음,0.029,좋음,0.4,좋음,0.003
2021-04-29:21,나쁨,92,보통,30,보통,0.043,보통,0.034,좋음,0.5,좋음,0.003
2021-04-29:20,나쁨,87,보통,26,보통,0.056,좋음,0.026,좋음,0.4,좋음,0.003
2021-04-29:19,나쁨,85,보통,29,보통,0.051,좋음,0.025,좋음,0.4,좋음,0.003
2021-04-29:18,나쁨,81,보통,24,보통,0.057,좋음,0.017,좋음,0.4,좋음,0.003
2021-04-29:17,나쁨,88,보통,26,보통,0.052,좋음,0.022,좋음,0.4,좋음,0.002
2021-04-29:16,나쁨,83,보통,21,보통,0.055,좋음,0.016,좋음,0.4,좋음,0.002
2021-04-29:15,나쁨,88,보통,23,보통,0.055,좋음,0.012,좋음,0.4,좋음,0.003
2021-04-29:14,나쁨,81,보통,21,보통,0.051,좋음,0.012,좋음,0.3,좋음,0.003
2021-04-29:13,나쁨,83,보통,19,보통,0.047,좋음,0.015,좋음,0.4,좋음,0.002
2021-04-29:12,나쁨,82,보통,19,보통,0.049,좋음,0.013,좋음,0.3,좋음,0.003
2021-04-29:11,보통,79,보통,20,보통,0.041,좋음,0.022,좋음,0.4,좋음,0.002
2021-04-29:10,보통,66,보통,20,좋음,0.018,보통,0.04,좋음,0.5,좋음,0.003
2021-04-29:09,보통,65,보통,19,좋음,0.005,보통,0.049,좋음,0.6,좋음,0.003
2021-04-29:08,보통,55,보통,19,좋음,0.007,보통,0.045,좋음,0.6,좋음,0.003
2021-04-29:07,보통,51,보통,19,좋음,0.005,보통,0.045,좋음,0.6,좋음,0.003
2021-04-29:06,보통,50,보통,19,좋음,0.005,보통,0.041,좋음,0.5,좋음,0.003
2021-04-29:05,보통,56,보통,19,좋음,0.004,보통,0.044,좋음,0.5,좋음,0.003
2021-04-29:04,보통,60,보통,21,좋음,0.004,보통,0.047,좋음,0.6,좋음,0.003
2021-04-29:03,보통,68,보통,25,좋음,0.005,보통,0.046,좋음,0.5,좋음,0.003
2021-04-29:02,보통,69,보통,23,좋음,0.008,보통,0.047,좋음,0.6,좋음,0.004
2021-04-29:01,보통,61,보통,23,좋음,0.004,보통,0.058,좋음,0.6,좋음,0.003
2021-04-28:24,보통,61,보통,23,좋음,0.003,나쁨,0.061,좋음,0.6,좋음,0.003
2021-04-28:23,보통,53,보통,20,좋음,0.005,보통,0.059,좋음,0.6,좋음,0.003
2021-04-28:22,보통,47,보통,19,좋음,0.003,보통,0.057,좋음,0.6,좋음,0.003
2021-04-28:21,보통,51,보통,20,좋음,0.009,보통,0.053,좋음,0.5,좋음,0.002
2021-04-28:20,보통,46,보통,16,좋음,0.027,보통,0.036,좋음,0.4,좋음,0.002
2021-04-28:19,보통,59,보통,18,보통,0.037,좋음,0.025,좋음,0.4,좋음,0.003
2021-04-28:18,보통,68,보통,20,보통,0.039,보통,0.031,좋음,0.4,좋음,0.002
2021-04-28:17,보통,73,보통,20,보통,0.043,좋음,0.026,좋음,0.5,좋음,0.004
2021-04-28:16,보통,75,보통,22,보통,0.044,좋음,0.024,좋음,0.5,좋음,0.004
2021-04-28:15,나쁨,85,보통,30,보통,0.044,좋음,0.028,좋음,0.5,좋음,0.003
2021-04-28:14,보통,80,보통,28,보통,0.047,좋음,0.023,좋음,0.5,좋음,0.003
2021-04-28:13,나쁨,88,나쁨,37,보통,0.042,좋음,0.025,좋음,0.6,좋음,0.003
2021-04-28:12,나쁨,88,보통,35,보통,0.032,좋음,0.029,좋음,0.6,좋음,0.003
2021-04-28:11,나쁨,97,나쁨,43,좋음,0.025,보통,0.032,좋음,0.6,좋음,0.002
2021-04-28:10,나쁨,92,나쁨,42,좋음,0.026,좋음,0.029,좋음,0.5,좋음,0.003
2021-04-28:09,나쁨,91,나쁨,43,좋음,0.025,좋음,0.029,좋음,0.5,좋음,0.003
2021-04-28:08,보통,76,보통,34,좋음,0.026,좋음,0.025,좋음,0.5,좋음,0.002
2021-04-28:07,보통,71,보통,32,좋음,0.028,좋음,0.023,좋음,0.5,좋음,0.002
2021-04-28:06,보통,59,보통,23,보통,0.034,좋음,0.014,좋음,0.4,좋음,0.001
2021-04-28:05,보통,60,보통,24,보통,0.036,좋음,0.01,좋음,0.4,좋음,0.002
2021-04-28:04,보통,52,보통,23,보통,0.037,좋음,0.01,좋음,0.4,좋음,0.002
2021-04-28:03,보통,43,보통,20,보통,0.036,좋음,0.01,좋음,0.4,좋음,0.002
2021-04-28:02,보통,38,좋음,13,보통,0.035,좋음,0.009,좋음,0.3,좋음,0.002
2021-04-28:01,,,보통,16,보통,0.032,좋음,0.012,좋음,0.3,좋음,0.002
2021-04-27:24,좋음,29,좋음,11,보통,0.036,좋음,0.015,좋음,0.3,좋음,0.003
2021-04-27:23,좋음,27,좋음,10,보통,0.037,좋음,0.017,좋음,0.3,좋음,0.003
2021-04-27:22,좋음,27,좋음,12,보통,0.038,좋음,0.017,좋음,0.3,좋음,0.002
2021-04-27:21,좋음,28,좋음,15,보통,0.034,좋음,0.024,좋음,0.3,좋음,0.003
2021-04-27:20,좋음,26,좋음,13,보통,0.037,좋음,0.023,좋음,0.4,좋음,0.003
2021-04-27:19,좋음,29,보통,16,보통,0.04,좋음,0.023,좋음,0.4,좋음,0.004
2021-04-27:18,보통,34,보통,17,보통,0.044,좋음,0.025,좋음,0.3,좋음,0.004
2021-04-27:17,보통,41,보통,22,보통,0.047,좋음,0.027,좋음,0.5,좋음,0.004
2021-04-27:16,보통,37,보통,19,보통,0.052,좋음,0.02,좋음,0.4,좋음,0.004
2021-04-27:15,보통,41,보통,20,보통,0.052,좋음,0.024,좋음,0.4,좋음,0.003
2021-04-27:14,보통,33,좋음,15,보통,0.044,좋음,0.025,좋음,0.5,좋음,0.005
2021-04-27:13,보통,36,보통,17,보통,0.037,좋음,0.029,좋음,0.5,좋음,0.005
2021-04-27:12,좋음,29,좋음,13,보통,0.037,좋음,0.029,좋음,0.4,좋음,0.005
2021-04-27:11,보통,31,좋음,15,보통,0.034,좋음,0.029,좋음,0.4,좋음,0.006
2021-04-27:10,좋음,25,좋음,9,보통,0.032,좋음,0.029,좋음,0.4,좋음,0.005
2021-04-27:09,보통,35,좋음,10,보통,0.034,좋음,0.025,좋음,0.4,좋음,0.004
2021-04-27:08,좋음,30,좋음,11,보통,0.034,좋음,0.026,좋음,0.4,좋음,0.003
2021-04-27:07,좋음,27,좋음,14,좋음,0.03,좋음,0.029,좋음,0.4,좋음,0.003
2021-04-27:06,좋음,30,좋음,15,보통,0.037,좋음,0.02,좋음,0.3,좋음,0.003
2021-04-27:05,보통,35,보통,19,보통,0.033,좋음,0.022,좋음,0.4,좋음,0.003
2021-04-27:04,보통,34,보통,18,좋음,0.025,좋음,0.025,좋음,0.4,좋음,0.002
2021-04-27:03,보통,37,보통,16,보통,0.032,좋음,0.019,좋음,0.4,좋음,0.002
2021-04-27:02,보통,37,보통,18,보통,0.037,좋음,0.016,좋음,0.4,좋음,0.003
2021-04-27:01,보통,42,보통,20,보통,0.041,좋음,0.014,좋음,0.4,좋음,0.002
2021-04-26:24,보통,42,보통,19,보통,0.041,좋음,0.013,좋음,0.4,좋음,0.002
2021-04-26:23,보통,45,보통,20,보통,0.032,좋음,0.022,좋음,0.4,좋음,0.002
2021-04-26:22,보통,34,보통,16,보통,0.041,좋음,0.018,좋음,0.4,좋음,0.002
2021-04-26:21,보통,36,보통,17,보통,0.047,좋음,0.016,좋음,0.3,좋음,0.003
2021-04-26:20,보통,33,좋음,15,보통,0.048,좋음,0.017,좋음,0.3,좋음,0.002
2021-04-26:19,보통,34,보통,17,보통,0.052,좋음,0.015,좋음,0.3,좋음,0.003
2021-04-26:18,보통,35,보통,16,보통,0.056,좋음,0.012,좋음,0.3,좋음,0.002
2021-04-26:17,보통,40,보통,20,보통,0.059,좋음,0.015,좋음,0.3,좋음,0.003
2021-04-26:16,보통,39,보통,21,보통,0.062,좋음,0.016,좋음,0.3,좋음,0.002
2021-04-26:15,보통,45,보통,23,보통,0.064,좋음,0.012,좋음,0.3,좋음,0.002
2021-04-26:14,보통,39,보통,20,보통,0.058,좋음,0.013,좋음,0.3,좋음,0.003
2021-04-26:13,보통,43,보통,21,보통,0.054,좋음,0.013,좋음,0.3,좋음,0.002
2021-04-26:12,보통,40,보통,18,보통,0.046,좋음,0.017,좋음,0.4,좋음,0.003
2021-04-26:11,보통,32,좋음,14,보통,0.037,좋음,0.023,좋음,0.4,좋음,0.002
2021-04-26:10,좋음,20,좋음,6,보통,0.031,좋음,0.026,좋음,0.4,좋음,0.003
2021-04-26:09,좋음,20,좋음,5,좋음,0.024,보통,0.032,좋음,0.4,좋음,0.002
2021-04-26:08,좋음,16,좋음,6,좋음,0.026,좋음,0.027,좋음,0.3,좋음,0.002
2021-04-26:07,좋음,21,좋음,8,좋음,0.024,좋음,0.028,좋음,0.3,좋음,0.002
2021-04-26:06,좋음,18,좋음,8,좋음,0.03,좋음,0.019,좋음,0.3,좋음,0.002
2021-04-26:05,좋음,21,좋음,10,보통,0.036,좋음,0.012,좋음,0.3,좋음,0.002
2021-04-26:04,좋음,21,좋음,9,보통,0.038,좋음,0.01,좋음,0.3,좋음,0.002
2021-04-26:03,좋음,27,좋음,11,보통,0.034,좋음,0.013,좋음,0.3,좋음,0.002
2021-04-26:02,좋음,22,좋음,11,좋음,0.027,좋음,0.021,좋음,0.4,좋음,0.002
2021-04-26:01,좋음,25,좋음,13,보통,0.031,좋음,0.018,좋음,0.3,좋음,0.002
2021-04-25:24,좋음,26,좋음,12,좋음,0.019,보통,0.034,좋음,0.4,좋음,0.003
2021-04-25:23,좋음,27,좋음,12,좋음,0.029,좋음,0.023,좋음,0.4,좋음,0.002
2021-04-25:22,좋음,26,좋음,12,보통,0.032,좋음,0.021,좋음,0.4,좋음,0.002
2021-04-25:21,좋음,28,좋음,13,보통,0.04,좋음,0.014,좋음,0.3,좋음,0.003
2021-04-25:20,좋음,25,좋음,12,보통,0.044,좋음,0.01,좋음,0.3,좋음,0.003
2021-04-25:19,좋음,25,좋음,14,보통,0.051,좋음,0.009,좋음,0.3,좋음,0.002
2021-04-25:18,좋음,23,좋음,13,보통,0.053,좋음,0.008,좋음,0.3,좋음,0.002
2021-04-25:17,좋음,20,좋음,8,보통,0.051,좋음,0.011,좋음,0.3,좋음,0.003
2021-04-25:16,좋음,19,좋음,7,보통,0.051,좋음,0.009,좋음,0.3,좋음,0.002
2021-04-25:15,좋음,23,좋음,10,보통,0.05,좋음,0.008,좋음,0.3,좋음,0.002
2021-04-25:14,좋음,24,좋음,10,보통,0.049,좋음,0.007,좋음,0.3,좋음,0.002
2021-04-25:13,좋음,27,좋음,8,보통,0.046,좋음,0.009,좋음,0.3,좋음,0.002
2021-04-25:12,좋음,23,좋음,9,보통,0.043,좋음,0.009,좋음,0.3,좋음,0.002
2021-04-25:11,좋음,27,좋음,12,보통,0.044,좋음,0.007,좋음,0.3,좋음,0.002
2021-04-25:10,좋음,26,좋음,11,보통,0.04,좋음,0.01,좋음,0.3,좋음,0.003
2021-04-25:09,보통,32,좋음,14,보통,0.039,좋음,0.011,좋음,0.3,좋음,0.003
2021-04-25:08,좋음,30,좋음,13,보통,0.035,좋음,0.013,좋음,0.3,좋음,0.003
2021-04-25:07,보통,31,보통,17,좋음,0.028,좋음,0.017,좋음,0.3,좋음,0.003
2021-04-25:06,보통,31,보통,17,좋음,0.022,좋음,0.021,좋음,0.4,좋음,0.003
2021-04-25:05,보통,34,보통,20,좋음,0.022,좋음,0.021,좋음,0.4,좋음,0.003
2021-04-25:04,좋음,30,보통,17,좋음,0.026,좋음,0.019,좋음,0.4,좋음,0.002
2021-04-25:03,보통,34,보통,20,좋음,0.023,좋음,0.024,좋음,0.4,좋음,0.003
2021-04-25:02,보통,32,보통,17,좋음,0.021,보통,0.031,좋음,0.4,좋음,0.002
2021-04-25:01,보통,34,보통,16,좋음,0.028,좋음,0.027,좋음,0.4,좋음,0.003
2021-04-24:24,좋음,27,좋음,15,보통,0.035,좋음,0.022,좋음,0.4,좋음,0.003
2021-04-24:23,좋음,30,좋음,15,보통,0.042,좋음,0.017,좋음,0.3,좋음,0.003
2021-04-24:22,보통,34,좋음,15,보통,0.036,좋음,0.024,좋음,0.4,좋음,0.003
2021-04-24:21,보통,32,좋음,13,보통,0.032,좋음,0.029,좋음,0.4,좋음,0.003
2021-04-24:20,보통,31,좋음,14,보통,0.042,좋음,0.018,좋음,0.3,좋음,0.002
2021-04-24:19,좋음,29,좋음,12,보통,0.048,좋음,0.012,좋음,0.3,좋음,0.002
2021-04-24:18,좋음,25,좋음,10,보통,0.05,좋음,0.008,좋음,0.3,좋음,0.003
2021-04-24:17,좋음,28,좋음,13,보통,0.05,좋음,0.01,좋음,0.3,좋음,0.002
2021-04-24:16,좋음,24,좋음,10,보통,0.047,좋음,0.012,좋음,0.3,좋음,0.002
2021-04-24:15,좋음,28,좋음,12,보통,0.046,좋음,0.011,좋음,0.3,좋음,0.003
2021-04-24:14,좋음,27,좋음,12,보통,0.049,좋음,0.009,좋음,0.3,좋음,0.002
2021-04-24:13,좋음,18,좋음,11,보통,0.051,좋음,0.011,좋음,0.3,좋음,0.002
2021-04-24:12,좋음,17,좋음,9,보통,0.044,좋음,0.017,좋음,0.3,좋음,0.002
2021-04-24:11,좋음,20,좋음,9,보통,0.041,좋음,0.019,좋음,0.3,좋음,0.001
2021-04-24:10,좋음,21,좋음,9,보통,0.036,좋음,0.022,좋음,0.3,좋음,0.002
2021-04-24:09,좋음,26,좋음,10,보통,0.039,좋음,0.018,좋음,0.3,좋음,0.002
2021-04-24:08,좋음,22,좋음,10,보통,0.034,좋음,0.022,좋음,0.3,좋음,0.002
2021-04-24:07,좋음,24,좋음,10,보통,0.037,좋음,0.016,좋음,0.3,좋음,0.002
2021-04-24:06,좋음,19,좋음,10,보통,0.038,좋음,0.015,좋음,0.3,좋음,0.002
2021-04-24:05,좋음,20,좋음,10,보통,0.043,좋음,0.008,좋음,0.3,좋음,0.002
2021-04-24:04,좋음,21,좋음,10,보통,0.04,좋음,0.01,좋음,0.3,좋음,0.002
2021-04-24:03,좋음,20,좋음,13,보통,0.033,좋음,0.015,좋음,0.3,좋음,0.002
2021-04-24:02,좋음,20,좋음,10,보통,0.039,좋음,0.01,좋음,0.3,좋음,0.002
2021-04-24:01,좋음,21,좋음,11,보통,0.035,좋음,0.015,좋음,0.3,좋음,0.003
2021-04-23:24,좋음,22,좋음,11,보통,0.031,좋음,0.022,좋음,0.3,좋음,0.002
2021-04-23:23,좋음,25,좋음,13,보통,0.031,좋음,0.021,좋음,0.3,좋음,0.003
2021-04-23:22,좋음,26,좋음,14,보통,0.034,좋음,0.02,좋음,0.3,좋음,0.002
2021-04-23:21,좋음,29,보통,18,보통,0.031,좋음,0.026,좋음,0.4,좋음,0.002
2021-04-23:20,좋음,30,보통,16,좋음,0.025,보통,0.032,좋음,0.4,좋음,0.003
2021-04-23:19,좋음,30,좋음,15,보통,0.036,좋음,0.022,좋음,0.4,좋음,0.003
2021-04-23:18,좋음,30,좋음,14,보통,0.036,좋음,0.024,좋음,0.4,좋음,0.002
2021-04-23:17,보통,34,좋음,13,보통,0.035,좋음,0.025,좋음,0.4,좋음,0.003
2021-04-23:16,보통,34,좋음,13,보통,0.038,좋음,0.023,좋음,0.4,좋음,0.002
2021-04-23:15,보통,38,좋음,14,보통,0.038,좋음,0.023,좋음,0.4,좋음,0.002
2021-04-23:14,보통,36,좋음,14,보통,0.036,좋음,0.027,좋음,0.4,좋음,0.003
2021-04-23:13,보통,45,보통,19,보통,0.037,좋음,0.025,좋음,0.4,좋음,0.003
2021-04-23:12,보통,49,보통,20,보통,0.038,좋음,0.025,좋음,0.4,좋음,0.003
2021-04-23:11,보통,56,보통,25,보통,0.036,좋음,0.028,좋음,0.5,좋음,0.003
2021-04-23:10,보통,51,보통,27,보통,0.033,보통,0.031,좋음,0.5,좋음,0.002
2021-04-23:09,보통,58,보통,28,보통,0.039,좋음,0.024,좋음,0.5,좋음,0.003
2021-04-23:08,보통,58,보통,28,보통,0.038,좋음,0.028,좋음,0.5,좋음,0.003
2021-04-23:07,보통,58,보통,29,보통,0.036,보통,0.032,좋음,0.5,좋음,0.003
2021-04-23:06,보통,62,보통,33,보통,0.043,좋음,0.024,좋음,0.4,좋음,0.003
2021-04-23:05,보통,73,나쁨,38,보통,0.055,좋음,0.012,좋음,0.5,좋음,0.004
2021-04-23:04,보통,66,나쁨,37,보통,0.056,좋음,0.018,좋음,0.5,좋음,0.004
2021-04-23:03,보통,67,나쁨,37,보통,0.057,좋음,0.021,좋음,0.5,좋음,0.005
2021-04-23:02,보통,63,보통,32,보통,0.053,좋음,0.025,좋음,0.6,좋음,0.004
2021-04-23:01,보통,67,보통,35,보통,0.064,좋음,0.02,좋음,0.5,좋음,0.004
2021-04-22:24,보통,71,나쁨,37,보통,0.071,좋음,0.018,좋음,0.5,좋음,0.004
2021-04-22:23,보통,76,나쁨,38,보통,0.077,좋음,0.017,좋음,0.5,좋음,0.005
2021-04-22:22,보통,69,보통,33,보통,0.057,보통,0.032,좋음,0.5,좋음,0.005
2021-04-22:21,보통,63,보통,33,보통,0.049,보통,0.046,좋음,0.6,좋음,0.004
2021-04-22:20,보통,56,보통,29,보통,0.06,보통,0.034,좋음,0.5,좋음,0.005
2021-04-22:19,보통,70,보통,35,보통,0.067,보통,0.031,좋음,0.5,좋음,0.004
2021-04-22:18,보통,71,나쁨,36,보통,0.078,보통,0.038,좋음,0.5,좋음,0.005
2021-04-22:17,보통,62,보통,32,보통,0.076,좋음,0.027,좋음,0.4,좋음,0.003
2021-04-22:16,보통,58,보통,30,보통,0.079,좋음,0.026,좋음,0.4,좋음,0.003
2021-04-22:15,보통,64,보통,33,보통,0.071,좋음,0.028,좋음,0.4,좋음,0.004
2021-04-22:14,나쁨,81,나쁨,42,보통,0.081,보통,0.033,좋음,0.5,좋음,0.004
2021-04-22:13,나쁨,96,나쁨,51,보통,0.08,보통,0.037,좋음,0.6,좋음,0.004
2021-04-22:12,나쁨,88,나쁨,40,보통,0.063,보통,0.042,좋음,0.6,좋음,0.004
2021-04-22:11,나쁨,97,나쁨,45,보통,0.046,보통,0.049,좋음,0.6,좋음,0.004
2021-04-22:10,나쁨,98,나쁨,46,보통,0.037,보통,0.057,좋음,0.7,좋음,0.004
2021-04-22:09,나쁨,100,나쁨,47,좋음,0.023,나쁨,0.073,좋음,0.8,좋음,0.005
2021-04-22:08,나쁨,89,나쁨,43,좋음,0.026,나쁨,0.064,좋음,0.7,좋음,0.005
2021-04-22:07,나쁨,92,나쁨,44,보통,0.032,보통,0.055,좋음,0.6,좋음,0.005
2021-04-22:06,나쁨,87,나쁨,42,보통,0.051,보통,0.031,좋음,0.5,좋음,0.005
2021-04-22:05,나쁨,87,나쁨,41,보통,0.058,좋음,0.025,좋음,0.5,좋음,0.006
2021-04-22:04,보통,71,나쁨,38,보통,0.074,좋음,0.019,좋음,0.5,좋음,0.01
2021-04-22:03,보통,75,나쁨,41,보통,0.083,좋음,0.016,좋음,0.5,좋음,0.011
2021-04-22:02,나쁨,85,나쁨,47,보통,0.075,좋음,0.021,좋음,0.5,좋음,0.007
2021-04-22:01,나쁨,103,나쁨,49,보통,0.063,보통,0.031,좋음,0.6,좋음,0.006
2021-04-21:24,나쁨,108,나쁨,47,보통,0.07,좋음,0.03,좋음,0.6,좋음,0.005
2021-04-21:23,나쁨,110,나쁨,46,보통,0.074,좋음,0.029,좋음,0.6,좋음,0.007
2021-04-21:22,나쁨,100,나쁨,41,보통,0.076,좋음,0.026,좋음,0.6,좋음,0.01
2021-04-21:21,나쁨,122,나쁨,61,보통,0.072,보통,0.039,좋음,0.6,좋음,0.011
2021-04-21:20,나쁨,126,나쁨,61,보통,0.067,보통,0.058,좋음,0.6,좋음,0.009
2021-04-21:19,나쁨,112,나쁨,53,보통,0.079,보통,0.057,좋음,0.6,좋음,0.009
2021-04-21:18,보통,79,나쁨,36,보통,0.075,보통,0.042,좋음,0.5,좋음,0.004
2021-04-21:17,나쁨,87,나쁨,37,보통,0.078,보통,0.036,좋음,0.5,좋음,0.003
2021-04-21:16,나쁨,86,나쁨,36,보통,0.09,좋음,0.028,좋음,0.5,좋음,0.004
2021-04-21:15,나쁨,95,나쁨,44,보통,0.085,좋음,0.03,좋음,0.5,좋음,0.004
2021-04-21:14,나쁨,103,나쁨,43,보통,0.082,보통,0.032,좋음,0.5,좋음,0.004
2021-04-21:13,나쁨,102,나쁨,44,보통,0.077,보통,0.031,좋음,0.6,좋음,0.005
2021-04-21:12,나쁨,88,나쁨,39,보통,0.074,좋음,0.03,좋음,0.5,좋음,0.004
2021-04-21:11,나쁨,85,나쁨,40,보통,0.058,보통,0.042,좋음,0.6,좋음,0.004
2021-04-21:10,보통,77,보통,34,보통,0.038,보통,0.053,좋음,0.7,좋음,0.004
2021-04-21:09,보통,77,보통,34,좋음,0.019,보통,0.06,좋음,0.7,좋음,0.004
2021-04-21:08,보통,63,보통,31,좋음,0.011,나쁨,0.064,좋음,0.7,좋음,0.003
2021-04-21:07,보통,56,보통,31,좋음,0.008,보통,0.057,좋음,0.6,좋음,0.003
2021-04-21:06,보통,52,보통,28,좋음,0.006,보통,0.055,좋음,0.6,좋음,0.003
2021-04-21:05,보통,54,보통,29,좋음,0.011,보통,0.051,좋음,0.6,좋음,0.003
2021-04-21:04,보통,52,보통,27,좋음,0.009,보통,0.054,좋음,0.6,좋음,0.003
2021-04-21:03,보통,53,보통,28,좋음,0.009,보통,0.055,좋음,0.6,좋음,0.003
2021-04-21:02,보통,52,보통,26,좋음,0.011,보통,0.06,좋음,0.7,좋음,0.003
2021-04-21:01,보통,56,보통,29,좋음,0.006,나쁨,0.071,좋음,0.7,좋음,0.003
2021-04-20:24,보통,52,보통,24,좋음,0.006,나쁨,0.072,좋음,0.6,좋음,0.004
2021-04-20:23,보통,55,보통,26,좋음,0.017,보통,0.058,좋음,0.6,좋음,0.004
2021-04-20:22,보통,51,보통,21,좋음,0.027,보통,0.048,좋음,0.4,좋음,0.006
2021-04-20:21,보통,54,보통,21,보통,0.037,보통,0.038,좋음,0.4,좋음,0.007
2021-04-20:20,보통,48,보통,19,보통,0.05,좋음,0.029,좋음,0.4,좋음,0.009
2021-04-20:19,보통,54,보통,22,보통,0.06,좋음,0.028,좋음,0.4,좋음,0.007
2021-04-20:18,보통,62,보통,26,보통,0.062,보통,0.035,좋음,0.5,좋음,0.005
2021-04-20:17,나쁨,89,나쁨,40,보통,0.076,좋음,0.029,좋음,0.5,좋음,0.006
2021-04-20:16,나쁨,96,나쁨,45,보통,0.089,좋음,0.03,좋음,0.5,좋음,0.005
2021-04-20:15,나쁨,108,나쁨,53,보통,0.087,보통,0.036,좋음,0.6,좋음,0.005
2021-04-20:14,나쁨,97,나쁨,49,보통,0.079,보통,0.039,좋음,0.6,좋음,0.005
2021-04-20:13,나쁨,102,나쁨,51,보통,0.076,보통,0.036,좋음,0.6,좋음,0.005
2021-04-20:12,나쁨,90,나쁨,44,보통,0.064,보통,0.039,좋음,0.6,좋음,0.005
2021-04-20:11,나쁨,92,나쁨,46,보통,0.045,보통,0.049,좋음,0.7,좋음,0.005
2021-04-20:10,나쁨,81,나쁨,42,보통,0.035,보통,0.045,좋음,0.7,좋음,0.005
2021-04-20:09,나쁨,89,나쁨,50,좋음,0.025,보통,0.045,좋음,0.6,좋음,0.004
2021-04-20:08,나쁨,81,나쁨,46,좋음,0.008,보통,0.051,좋음,0.7,좋음,0.003
2021-04-20:07,보통,72,나쁨,40,좋음,0.009,보통,0.045,좋음,0.6,좋음,0.003
2021-04-20:06,보통,64,나쁨,37,좋음,0.022,좋음,0.028,좋음,0.5,좋음,0.003
2021-04-20:05,보통,68,나쁨,38,좋음,0.025,좋음,0.023,좋음,0.5,좋음,0.003
2021-04-20:04,보통,64,보통,34,좋음,0.027,좋음,0.025,좋음,0.5,좋음,0.003
2021-04-20:03,보통,67,보통,35,보통,0.035,좋음,0.026,좋음,0.5,좋음,0.003
2021-04-20:02,보통,63,보통,30,보통,0.043,좋음,0.024,좋음,0.5,좋음,0.003
2021-04-20:01,보통,65,보통,28,보통,0.049,좋음,0.023,좋음,0.4,좋음,0.003
2021-04-19:24,보통,60,보통,26,보통,0.049,좋음,0.025,좋음,0.4,좋음,0.003
2021-04-19:23,보통,60,보통,21,보통,0.05,좋음,0.025,좋음,0.4,좋음,0.003
2021-04-19:22,보통,58,보통,23,보통,0.054,좋음,0.023,좋음,0.5,좋음,0.003
2021-04-19:21,보통,64,보통,26,보통,0.051,좋음,0.026,좋음,0.5,좋음,0.003
2021-04-19:20,보통,62,보통,26,보통,0.048,보통,0.033,좋음,0.5,좋음,0.003
2021-04-19:19,보통,62,보통,26,보통,0.058,좋음,0.024,좋음,0.4,좋음,0.004
2021-04-19:18,보통,58,보통,23,보통,0.06,좋음,0.023,좋음,0.4,좋음,0.004
2021-04-19:17,보통,58,보통,21,보통,0.056,좋음,0.026,좋음,0.4,좋음,0.004
2021-04-19:16,보통,54,보통,20,보통,0.054,좋음,0.028,좋음,0.4,좋음,0.004
2021-04-19:15,보통,59,보통,22,보통,0.052,좋음,0.028,좋음,0.5,좋음,0.004
2021-04-19:14,보통,53,보통,21,보통,0.053,좋음,0.023,좋음,0.4,좋음,0.004
2021-04-19:13,보통,55,보통,24,보통,0.051,좋음,0.022,좋음,0.4,좋음,0.004
2021-04-19:12,보통,51,보통,20,보통,0.044,좋음,0.025,좋음,0.5,좋음,0.004
2021-04-19:11,보통,52,보통,22,보통,0.036,좋음,0.03,좋음,0.4,좋음,0.003
2021-04-19:10,보통,48,보통,23,좋음,0.029,보통,0.035,좋음,0.5,좋음,0.004
2021-04-19:09,보통,55,보통,29,좋음,0.019,보통,0.041,좋음,0.6,좋음,0.003
2021-04-19:08,보통,47,보통,29,좋음,0.008,보통,0.044,좋음,0.5,좋음,0.003
2021-04-19:07,보통,45,보통,26,좋음,0.007,보통,0.042,좋음,0.5,좋음,0.003
2021-04-19:06,보통,42,보통,24,좋음,0.016,좋음,0.029,좋음,0.4,좋음,0.002
2021-04-19:05,보통,44,보통,26,좋음,0.026,좋음,0.021,좋음,0.4,좋음,0.003
2021-04-19:04,보통,40,보통,21,보통,0.038,좋음,0.014,좋음,0.4,좋음,0.002
2021-04-19:03,보통,35,보통,19,보통,0.036,좋음,0.018,좋음,0.4,좋음,0.002
2021-04-19:02,보통,34,보통,17,보통,0.036,좋음,0.02,좋음,0.4,좋음,0.002
2021-04-19:01,보통,38,보통,19,보통,0.032,좋음,0.025,좋음,0.4,좋음,0.003
2021-04-18:24,보통,36,보통,18,보통,0.035,좋음,0.022,좋음,0.4,좋음,0.003
2021-04-18:23,보통,41,보통,20,보통,0.037,좋음,0.02,좋음,0.4,좋음,0.003
2021-04-18:22,보통,40,보통,19,보통,0.035,좋음,0.021,좋음,0.4,좋음,0.002
2021-04-18:21,보통,48,보통,21,보통,0.038,좋음,0.018,좋음,0.4,좋음,0.002
2021-04-18:20,보통,51,보통,20,보통,0.04,좋음,0.019,좋음,0.4,좋음,0.002
2021-04-18:19,보통,55,보통,21,보통,0.042,좋음,0.015,좋음,0.4,좋음,0.002
2021-04-18:18,보통,45,좋음,14,보통,0.041,좋음,0.013,좋음,0.4,좋음,0.003
2021-04-18:17,보통,42,좋음,14,보통,0.045,좋음,0.007,좋음,0.3,좋음,0.002
2021-04-18:16,보통,42,좋음,14,보통,0.045,좋음,0.007,좋음,0.3,좋음,0.002
2021-04-18:15,보통,43,보통,16,보통,0.043,좋음,0.008,좋음,0.3,좋음,0.002
2021-04-18:14,보통,38,좋음,15,보통,0.043,좋음,0.006,좋음,0.3,좋음,0.002
2021-04-18:13,보통,35,보통,16,보통,0.04,좋음,0.006,좋음,0.3,좋음,0.002
2021-04-18:12,보통,31,좋음,13,보통,0.037,좋음,0.006,좋음,0.3,좋음,0.002
2021-04-18:11,좋음,25,좋음,9,보통,0.033,좋음,0.007,좋음,0.3,좋음,0.002
2021-04-18:10,좋음,17,좋음,4,좋음,0.029,좋음,0.008,좋음,0.3,좋음,0.003
2021-04-18:09,좋음,20,좋음,6,좋음,0.025,좋음,0.009,좋음,0.4,좋음,0.002
2021-04-18:08,좋음,16,좋음,7,좋음,0.02,좋음,0.012,좋음,0.4,좋음,0.002
2021-04-18:07,좋음,22,좋음,12,좋음,0.019,좋음,0.012,좋음,0.4,좋음,0.002
2021-04-18:06,좋음,17,좋음,10,좋음,0.021,좋음,0.011,좋음,0.4,좋음,0.002
2021-04-18:05,좋음,18,좋음,9,좋음,0.024,좋음,0.009,좋음,0.4,좋음,0.002
2021-04-18:04,좋음,18,좋음,10,좋음,0.026,좋음,0.009,좋음,0.4,좋음,0.002
2021-04-18:03,좋음,27,좋음,12,좋음,0.029,좋음,0.009,좋음,0.3,좋음,0.002
2021-04-18:02,보통,32,좋음,12,보통,0.032,좋음,0.011,좋음,0.3,좋음,0.002
2021-04-18:01,보통,43,좋음,11,보통,0.035,좋음,0.01,좋음,0.3,좋음,0.002
2021-04-17:24,보통,41,좋음,9,보통,0.034,좋음,0.013,좋음,0.3,좋음,0.002
2021-04-17:23,보통,39,좋음,7,보통,0.034,좋음,0.013,좋음,0.3,좋음,0.003
2021-04-17:22,보통,36,좋음,9,보통,0.033,좋음,0.015,좋음,0.3,좋음,0.002
2021-04-17:21,보통,32,좋음,8,보통,0.033,좋음,0.016,좋음,0.3,좋음,0.002
2021-04-17:20,보통,35,좋음,8,보통,0.034,좋음,0.013,좋음,0.3,좋음,0.002
2021-04-17:19,보통,47,좋음,11,보통,0.036,좋음,0.011,좋음,0.3,좋음,0.002
2021-04-17:18,보통,41,좋음,9,보통,0.036,좋음,0.012,좋음,0.3,좋음,0.002
2021-04-17:17,보통,62,좋음,13,보통,0.04,좋음,0.008,좋음,0.3,좋음,0.002
2021-04-17:16,나쁨,83,좋음,14,보통,0.038,좋음,0.012,좋음,0.3,좋음,0.002
2021-04-17:15,나쁨,142,보통,22,보통,0.041,좋음,0.013,좋음,0.3,좋음,0.002
2021-04-17:14,나쁨,145,보통,21,보통,0.036,좋음,0.015,좋음,0.3,좋음,0.002
2021-04-17:13,매우나쁨,159,보통,23,보통,0.038,좋음,0.011,좋음,0.3,좋음,0.002
2021-04-17:12,매우나쁨,166,보통,23,보통,0.033,좋음,0.016,좋음,0.3,좋음,0.003
2021-04-17:11,매우나쁨,154,보통,26,좋음,0.022,좋음,0.029,좋음,0.4,좋음,0.003
2021-04-17:10,나쁨,114,보통,21,좋음,0.014,보통,0.039,좋음,0.4,좋음,0.004
2021-04-17:09,나쁨,96,보통,18,좋음,0.013,보통,0.04,좋음,0.4,좋음,0.003
2021-04-17:08,보통,76,보통,16,좋음,0.005,보통,0.047,좋음,0.6,좋음,0.003
2021-04-17:07,보통,77,좋음,15,좋음,0.003,보통,0.041,좋음,0.6,좋음,0.003
2021-04-17:06,보통,78,보통,16,좋음,0.003,보통,0.04,좋음,0.5,좋음,0.002
2021-04-17:05,나쁨,86,보통,16,좋음,0.009,보통,0.033,좋음,0.5,좋음,0.002
2021-04-17:04,나쁨,84,보통,16,좋음,0.01,보통,0.035,좋음,0.5,좋음,0.002
2021-04-17:03,나쁨,83,보통,16,좋음,0.004,보통,0.047,좋음,0.5,좋음,0.003
2021-04-17:02,보통,78,보통,16,좋음,0.004,보통,0.045,좋음,0.5,좋음,0.002
2021-04-17:01,나쁨,87,보통,20,좋음,0.002,보통,0.049,좋음,0.5,좋음,0.003
2021-04-16:24,나쁨,96,보통,18,좋음,0.008,보통,0.046,좋음,0.5,좋음,0.002
2021-04-16:23,나쁨,97,보통,17,좋음,0.017,보통,0.037,좋음,0.4,좋음,0.002
2021-04-16:22,나쁨,82,좋음,15,좋음,0.024,좋음,0.03,좋음,0.4,좋음,0.003
2021-04-16:21,보통,78,보통,16,좋음,0.027,좋음,0.025,좋음,0.4,좋음,0.002
2021-04-16:20,보통,76,좋음,14,좋음,0.026,좋음,0.024,좋음,0.3,좋음,0.002
2021-04-16:19,매우나쁨,200,보통,23,좋음,0.03,좋음,0.019,좋음,0.3,좋음,0.002
2021-04-16:18,매우나쁨,367,나쁨,36,보통,0.033,좋음,0.015,좋음,0.3,좋음,0.002
2021-04-16:17,매우나쁨,257,보통,31,보통,0.037,좋음,0.016,좋음,0.3,좋음,0.003
2021-04-16:16,나쁨,98,보통,19,보통,0.033,좋음,0.024,좋음,0.4,좋음,0.002
2021-04-16:15,보통,49,보통,21,보통,0.031,좋음,0.023,좋음,0.4,좋음,0.002
2021-04-16:14,좋음,24,보통,16,좋음,0.028,좋음,0.019,좋음,0.3,좋음,0.002
2021-04-16:13,,,,,,,,,,,,
2021-04-16:12,,,,,,,,,,,,
2021-04-16:11,보통,37,보통,18,좋음,0.03,보통,0.032,좋음,0.4,좋음,0.002
2021-04-16:10,보통,33,좋음,15,좋음,0.026,보통,0.04,좋음,0.5,좋음,0.002
2021-04-16:09,보통,34,보통,16,좋음,0.03,보통,0.038,좋음,0.5,좋음,0.002
2021-04-16:08,보통,31,좋음,14,좋음,0.028,보통,0.037,좋음,0.4,좋음,0.003
2021-04-16:07,보통,36,보통,17,보통,0.032,보통,0.033,좋음,0.4,좋음,0.003
2021-04-16:06,보통,33,보통,16,보통,0.033,좋음,0.03,좋음,0.4,좋음,0.003
2021-04-16:05,보통,32,좋음,15,보통,0.04,좋음,0.02,좋음,0.4,좋음,0.003
2021-04-16:04,보통,32,좋음,14,보통,0.039,좋음,0.021,좋음,0.4,좋음,0.003
2021-04-16:03,보통,38,보통,16,보통,0.036,좋음,0.023,좋음,0.4,좋음,0.003
2021-04-16:02,보통,37,좋음,15,좋음,0.016,보통,0.045,좋음,0.5,좋음,0.003
2021-04-16:01,보통,41,보통,17,좋음,0.003,보통,0.058,좋음,0.5,좋음,0.002
2021-04-15:24,보통,43,좋음,15,좋음,0.003,보통,0.06,좋음,0.6,좋음,0.003
2021-04-15:23,보통,46,보통,20,좋음,0.015,보통,0.048,좋음,0.5,좋음,0.003
2021-04-15:22,보통,45,보통,17,좋음,0.025,보통,0.037,좋음,0.4,좋음,0.003
2021-04-15:21,보통,49,좋음,14,보통,0.033,보통,0.031,좋음,0.4,좋음,0.003
2021-04-15:20,보통,47,보통,17,보통,0.045,좋음,0.026,좋음,0.4,좋음,0.003
2021-04-15:19,보통,55,보통,23,보통,0.053,좋음,0.028,좋음,0.4,좋음,0.003
2021-04-15:18,보통,58,보통,24,보통,0.062,좋음,0.027,좋음,0.4,좋음,0.004
2021-04-15:17,보통,69,보통,30,보통,0.07,좋음,0.026,좋음,0.4,좋음,0.004
2021-04-15:16,보통,59,보통,28,보통,0.066,좋음,0.026,좋음,0.4,좋음,0.004
2021-04-15:15,보통,55,보통,26,보통,0.053,좋음,0.024,좋음,0.4,좋음,0.004
2021-04-15:14,보통,54,보통,27,보통,0.047,좋음,0.026,좋음,0.4,좋음,0.003
2021-04-15:13,보통,64,보통,35,보통,0.04,보통,0.033,좋음,0.5,좋음,0.003
2021-04-15:12,보통,59,보통,33,보통,0.04,보통,0.031,좋음,0.5,좋음,0.004
2021-04-15:11,보통,61,보통,31,보통,0.038,보통,0.032,좋음,0.5,좋음,0.003
2021-04-15:10,보통,55,보통,30,보통,0.032,보통,0.033,좋음,0.5,좋음,0.003
2021-04-15:09,보통,57,보통,35,좋음,0.026,보통,0.037,좋음,0.5,좋음,0.003
2021-04-15:08,보통,53,보통,32,좋음,0.027,보통,0.035,좋음,0.4,좋음,0.003
2021-04-15:07,보통,53,보통,31,좋음,0.016,보통,0.04,좋음,0.4,좋음,0.002
2021-04-15:06,보통,46,보통,26,좋음,0.028,좋음,0.025,좋음,0.4,좋음,0.003
2021-04-15:05,보통,48,보통,26,보통,0.034,좋음,0.02,좋음,0.4,좋음,0.002
2021-04-15:04,보통,43,보통,22,보통,0.037,좋음,0.017,좋음,0.4,좋음,0.002
2021-04-15:03,보통,42,보통,24,보통,0.037,좋음,0.018,좋음,0.4,좋음,0.002
2021-04-15:02,보통,39,보통,19,보통,0.042,좋음,0.017,좋음,0.4,좋음,0.003
2021-04-15:01,보통,41,보통,19,보통,0.042,좋음,0.018,좋음,0.4,좋음,0.002
2021-04-14:24,보통,37,보통,19,보통,0.039,좋음,0.021,좋음,0.4,좋음,0.002
2021-04-14:23,보통,39,보통,21,보통,0.034,좋음,0.025,좋음,0.4,좋음,0.003
2021-04-14:22,보통,39,보통,20,보통,0.038,좋음,0.025,좋음,0.4,좋음,0.003
2021-04-14:21,보통,40,보통,20,보통,0.037,좋음,0.026,좋음,0.4,좋음,0.002
2021-04-14:20,보통,37,보통,17,보통,0.039,좋음,0.027,좋음,0.4,좋음,0.003
2021-04-14:19,보통,36,보통,16,보통,0.043,좋음,0.021,좋음,0.3,좋음,0.002
2021-04-14:18,보통,33,좋음,14,보통,0.047,좋음,0.019,좋음,0.3,좋음,0.003
2021-04-14:17,보통,34,좋음,15,보통,0.047,좋음,0.017,좋음,0.3,좋음,0.003
2021-04-14:16,보통,32,좋음,13,보통,0.046,좋음,0.016,좋음,0.3,좋음,0.003
2021-04-14:15,보통,32,보통,16,보통,0.048,좋음,0.012,좋음,0.3,좋음,0.003
2021-04-14:14,보통,32,좋음,14,보통,0.045,좋음,0.012,좋음,0.3,좋음,0.003
2021-04-14:13,보통,35,좋음,14,보통,0.041,좋음,0.014,좋음,0.3,좋음,0.003
2021-04-14:12,좋음,23,좋음,12,보통,0.034,좋음,0.017,좋음,0.3,좋음,0.002
2021-04-14:11,좋음,27,좋음,13,좋음,0.026,좋음,0.021,좋음,0.4,좋음,0.003
2021-04-14:10,좋음,20,좋음,8,좋음,0.03,좋음,0.014,좋음,0.3,좋음,0.002
2021-04-14:09,좋음,24,좋음,15,보통,0.031,좋음,0.013,좋음,0.3,좋음,0.003
2021-04-14:08,좋음,23,좋음,13,좋음,0.024,좋음,0.019,좋음,0.4,좋음,0.002
2021-04-14:07,좋음,27,좋음,15,좋음,0.025,좋음,0.018,좋음,0.3,좋음,0.002
2021-04-14:06,좋음,23,좋음,14,좋음,0.026,좋음,0.015,좋음,0.3,좋음,0.002
2021-04-14:05,좋음,26,좋음,15,좋음,0.028,좋음,0.013,좋음,0.3,좋음,0.002
2021-04-14:04,좋음,24,좋음,15,좋음,0.03,좋음,0.013,좋음,0.3,좋음,0.002
2021-04-14:03,좋음,27,보통,20,보통,0.033,좋음,0.011,좋음,0.3,좋음,0.002
2021-04-14:02,좋음,24,보통,16,보통,0.034,좋음,0.01,좋음,0.3,좋음,0.002
2021-04-14:01,좋음,27,보통,16,보통,0.034,좋음,0.011,좋음,0.3,좋음,0.002
2021-04-13:24,좋음,23,좋음,14,보통,0.036,좋음,0.01,좋음,0.3,좋음,0.003
2021-04-13:23,좋음,21,좋음,13,보통,0.036,좋음,0.01,좋음,0.3,좋음,0.002
2021-04-13:22,좋음,19,좋음,10,보통,0.035,좋음,0.012,좋음,0.3,좋음,0.002
2021-04-13:21,좋음,22,좋음,13,보통,0.033,좋음,0.015,좋음,0.3,좋음,0.002
2021-04-13:20,좋음,20,좋음,11,보통,0.035,좋음,0.014,좋음,0.3,좋음,0.002
2021-04-13:19,좋음,24,좋음,15,보통,0.033,좋음,0.016,좋음,0.3,좋음,0.002
2021-04-13:18,좋음,21,좋음,11,보통,0.035,좋음,0.013,좋음,0.3,좋음,0.002
2021-04-13:17,좋음,21,좋음,10,보통,0.036,좋음,0.012,좋음,0.3,좋음,0.002
2021-04-13:16,좋음,20,좋음,9,보통,0.036,좋음,0.011,좋음,0.3,좋음,0.002
2021-04-13:15,좋음,22,좋음,9,보통,0.035,좋음,0.011,좋음,0.3,좋음,0.002
2021-04-13:14,좋음,22,좋음,11,보통,0.036,좋음,0.009,좋음,0.3,좋음,0.002
2021-04-13:13,좋음,22,좋음,13,보통,0.037,좋음,0.011,좋음,0.4,좋음,0.002
2021-04-13:12,좋음,22,좋음,14,보통,0.036,좋음,0.012,좋음,0.4,좋음,0.003
2021-04-13:11,좋음,20,좋음,11,보통,0.04,좋음,0.015,좋음,0.4,좋음,0.003
2021-04-13:10,좋음,12,좋음,7,보통,0.044,좋음,0.013,좋음,0.4,좋음,0.002
2021-04-13:09,좋음,14,좋음,7,보통,0.043,좋음,0.012,좋음,0.4,좋음,0.002
2021-04-13:08,좋음,6,좋음,3,보통,0.033,좋음,0.018,좋음,0.4,좋음,0.002
2021-04-13:07,좋음,10,좋음,4,좋음,0.029,좋음,0.014,좋음,0.3,좋음,0.003
2021-04-13:06,좋음,4,좋음,3,좋음,0.022,좋음,0.017,좋음,0.3,좋음,0.002
2021-04-13:05,좋음,3,좋음,3,좋음,0.027,좋음,0.012,좋음,0.3,좋음,0.002
2021-04-13:04,좋음,3,좋음,2,좋음,0.03,좋음,0.01,좋음,0.3,좋음,0.002
2021-04-13:03,좋음,5,좋음,2,보통,0.032,좋음,0.01,좋음,0.3,좋음,0.002
2021-04-13:02,좋음,5,좋음,3,보통,0.035,좋음,0.008,좋음,0.3,좋음,0.002
2021-04-13:01,좋음,11,좋음,6,좋음,0.022,좋음,0.018,좋음,0.3,좋음,0.002
2021-04-12:24,좋음,9,좋음,5,좋음,0.014,좋음,0.029,좋음,0.4,좋음,0.002
2021-04-12:23,좋음,13,좋음,9,좋음,0.017,좋음,0.027,좋음,0.4,좋음,0.002
2021-04-12:22,좋음,15,좋음,10,좋음,0.017,좋음,0.029,좋음,0.4,좋음,0.003
2021-04-12:21,좋음,24,보통,17,좋음,0.017,보통,0.032,좋음,0.4,좋음,0.002
2021-04-12:20,좋음,25,보통,17,좋음,0.016,보통,0.037,좋음,0.5,좋음,0.002
2021-04-12:19,좋음,24,보통,17,좋음,0.021,보통,0.035,좋음,0.5,좋음,0.002
2021-04-12:18,좋음,20,좋음,13,좋음,0.027,보통,0.032,좋음,0.4,좋음,0.002
2021-04-12:17,보통,31,보통,17,좋음,0.027,보통,0.033,좋음,0.4,좋음,0.003
2021-04-12:16,보통,36,보통,17,보통,0.032,좋음,0.03,좋음,0.4,좋음,0.003
2021-04-12:15,보통,36,보통,20,좋음,0.028,보통,0.036,좋음,0.4,좋음,0.002
2021-04-12:14,보통,35,보통,16,보통,0.041,좋음,0.024,좋음,0.4,좋음,0.002
2021-04-12:13,보통,39,보통,21,보통,0.041,좋음,0.025,좋음,0.4,좋음,0.002
2021-04-12:12,보통,40,보통,17,보통,0.035,보통,0.034,좋음,0.4,좋음,0.002
2021-04-12:11,보통,56,보통,29,좋음,0.026,보통,0.043,좋음,0.5,좋음,0.004
2021-04-12:10,보통,58,보통,30,좋음,0.023,보통,0.045,좋음,0.5,좋음,0.003
2021-04-12:09,보통,67,나쁨,36,좋음,0.017,보통,0.051,좋음,0.5,좋음,0.003
2021-04-12:08,보통,63,나쁨,36,좋음,0.019,보통,0.048,좋음,0.5,좋음,0.003
2021-04-12:07,보통,67,나쁨,38,좋음,0.013,보통,0.053,좋음,0.5,좋음,0.003
2021-04-12:06,보통,60,보통,34,좋음,0.009,보통,0.053,좋음,0.6,좋음,0.003
2021-04-12:05,보통,58,보통,32,좋음,0.016,보통,0.041,좋음,0.5,좋음,0.003
2021-04-12:04,보통,54,보통,28,좋음,0.023,보통,0.032,좋음,0.5,좋음,0.003
2021-04-12:03,보통,56,보통,30,좋음,0.016,보통,0.043,좋음,0.6,좋음,0.003
2021-04-12:02,보통,54,보통,29,좋음,0.01,보통,0.055,좋음,0.6,좋음,0.003
2021-04-12:01,보통,55,보통,31,좋음,0.004,나쁨,0.066,좋음,0.6,좋음,0.003
2021-04-11:24,보통,54,보통,28,좋음,0.01,나쁨,0.061,좋음,0.6,좋음,0.003
2021-04-11:23,보통,57,보통,31,좋음,0.028,보통,0.043,좋음,0.5,좋음,0.002
2021-04-11:22,보통,50,보통,26,보통,0.04,보통,0.033,좋음,0.5,좋음,0.003
2021-04-11:21,보통,52,보통,26,보통,0.055,좋음,0.02,좋음,0.4,좋음,0.003
2021-04-11:20,보통,52,보통,23,보통,0.062,좋음,0.014,좋음,0.4,좋음,0.003
2021-04-11:19,보통,66,나쁨,36,보통,0.065,좋음,0.018,좋음,0.4,좋음,0.003
2021-04-11:18,보통,65,보통,34,보통,0.07,좋음,0.018,좋음,0.4,좋음,0.003
2021-04-11:17,보통,68,보통,35,보통,0.068,좋음,0.02,좋음,0.4,좋음,0.003
2021-04-11:16,보통,54,보통,28,보통,0.069,좋음,0.017,좋음,0.4,좋음,0.003
2021-04-11:15,보통,61,보통,32,보통,0.063,좋음,0.019,좋음,0.4,좋음,0.003
2021-04-11:14,보통,58,보통,28,보통,0.054,좋음,0.024,좋음,0.4,좋음,0.003
2021-04-11:13,보통,55,보통,25,보통,0.05,좋음,0.022,좋음,0.4,좋음,0.003
2021-04-11:12,보통,42,보통,21,보통,0.047,좋음,0.02,좋음,0.4,좋음,0.003
2021-04-11:11,보통,50,보통,30,보통,0.04,좋음,0.028,좋음,0.4,좋음,0.003
2021-04-11:10,보통,40,보통,23,보통,0.04,좋음,0.022,좋음,0.4,좋음,0.003
2021-04-11:09,보통,53,보통,26,좋음,0.03,좋음,0.028,좋음,0.4,좋음,0.003
2021-04-11:08,보통,43,보통,23,좋음,0.012,보통,0.043,좋음,0.5,좋음,0.003
2021-04-11:07,보통,37,보통,22,좋음,0.019,보통,0.032,좋음,0.5,좋음,0.002
2021-04-11:06,보통,34,보통,20,좋음,0.026,좋음,0.023,좋음,0.4,좋음,0.002
2021-04-11:05,보통,38,보통,22,좋음,0.03,좋음,0.02,좋음,0.4,좋음,0.002
2021-04-11:04,보통,36,보통,21,좋음,0.028,좋음,0.021,좋음,0.4,좋음,0.003
2021-04-11:03,보통,39,보통,21,좋음,0.027,좋음,0.026,좋음,0.4,좋음,0.003
2021-04-11:02,보통,36,보통,20,좋음,0.03,좋음,0.025,좋음,0.4,좋음,0.002
2021-04-11:01,보통,43,보통,22,좋음,0.029,좋음,0.029,좋음,0.4,좋음,0.002
2021-04-10:24,보통,41,보통,21,보통,0.033,좋음,0.029,좋음,0.4,좋음,0.002
2021-04-10:23,보통,45,보통,22,보통,0.034,좋음,0.028,좋음,0.4,좋음,0.003
2021-04-10:22,보통,42,보통,20,보통,0.039,좋음,0.023,좋음,0.4,좋음,0.002
2021-04-10:21,보통,45,보통,21,보통,0.045,좋음,0.021,좋음,0.4,좋음,0.003
2021-04-10:20,보통,39,보통,20,보통,0.048,좋음,0.024,좋음,0.4,좋음,0.003
2021-04-10:19,보통,44,보통,23,보통,0.052,좋음,0.022,좋음,0.4,좋음,0.003
2021-04-10:18,보통,46,보통,24,보통,0.06,좋음,0.02,좋음,0.4,좋음,0.004
2021-04-10:17,보통,60,보통,34,보통,0.064,좋음,0.02,좋음,0.4,좋음,0.004
2021-04-10:16,보통,57,보통,33,보통,0.07,좋음,0.021,좋음,0.4,좋음,0.004
2021-04-10:15,보통,54,보통,29,보통,0.066,좋음,0.019,좋음,0.4,좋음,0.003
2021-04-10:14,보통,43,보통,23,보통,0.056,좋음,0.018,좋음,0.4,좋음,0.003
2021-04-10:13,보통,41,보통,23,보통,0.047,좋음,0.019,좋음,0.4,좋음,0.003
2021-04-10:12,보통,35,보통,19,보통,0.038,좋음,0.023,좋음,0.3,좋음,0.003
2021-04-10:11,보통,36,보통,17,보통,0.035,좋음,0.023,좋음,0.4,좋음,0.003
2021-04-10:10,좋음,29,좋음,14,보통,0.032,좋음,0.025,좋음,0.4,좋음,0.003
2021-04-10:09,보통,36,보통,16,좋음,0.029,좋음,0.026,좋음,0.4,좋음,0.003
2021-04-10:08,좋음,29,보통,16,좋음,0.029,좋음,0.025,좋음,0.3,좋음,0.002
2021-04-10:07,좋음,27,좋음,15,좋음,0.026,좋음,0.026,좋음,0.3,좋음,0.003
2021-04-10:06,좋음,25,좋음,15,보통,0.031,좋음,0.021,좋음,0.3,좋음,0.002
2021-04-10:05,좋음,25,보통,16,보통,0.035,좋음,0.016,좋음,0.3,좋음,0.002
2021-04-10:04,좋음,23,좋음,14,보통,0.038,좋음,0.012,좋음,0.3,좋음,0.002
2021-04-10:03,좋음,24,좋음,15,보통,0.039,좋음,0.01,좋음,0.3,좋음,0.002
2021-04-10:02,좋음,24,좋음,14,보통,0.038,좋음,0.012,좋음,0.3,좋음,0.002
2021-04-10:01,좋음,28,보통,17,보통,0.036,좋음,0.015,좋음,0.3,좋음,0.002
2021-04-09:24,좋음,29,좋음,14,좋음,0.029,좋음,0.024,좋음,0.3,좋음,0.002
2021-04-09:23,보통,36,보통,18,보통,0.032,좋음,0.021,좋음,0.3,좋음,0.002
2021-04-09:22,보통,38,보통,18,보통,0.031,좋음,0.027,좋음,0.4,좋음,0.002
2021-04-09:21,보통,39,보통,18,보통,0.044,좋음,0.015,좋음,0.3,좋음,0.003
2021-04-09:20,보통,39,보통,19,보통,0.039,좋음,0.027,좋음,0.4,좋음,0.003
2021-04-09:19,보통,42,보통,23,보통,0.054,좋음,0.017,좋음,0.3,좋음,0.002
2021-04-09:18,보통,39,보통,20,보통,0.059,좋음,0.015,좋음,0.3,좋음,0.003
2021-04-09:17,보통,36,보통,19,보통,0.056,좋음,0.016,좋음,0.3,좋음,0.002
2021-04-09:16,보통,34,보통,16,보통,0.055,좋음,0.015,좋음,0.3,좋음,0.002
2021-04-09:15,보통,38,보통,19,보통,0.052,좋음,0.017,좋음,0.3,좋음,0.002
2021-04-09:14,보통,32,보통,17,보통,0.049,좋음,0.015,좋음,0.3,좋음,0.003
2021-04-09:13,보통,35,보통,16,보통,0.049,좋음,0.011,좋음,0.3,좋음,0.003
2021-04-09:12,좋음,29,좋음,14,보통,0.046,좋음,0.013,좋음,0.3,좋음,0.003
2021-04-09:11,보통,33,좋음,15,보통,0.041,좋음,0.015,좋음,0.3,좋음,0.002
2021-04-09:10,좋음,28,좋음,11,보통,0.039,좋음,0.017,좋음,0.3,좋음,0.002
2021-04-09:09,보통,42,보통,19,보통,0.035,좋음,0.022,좋음,0.3,좋음,0.003
2021-04-09:08,보통,40,보통,17,좋음,0.03,좋음,0.027,좋음,0.4,좋음,0.002
2021-04-09:07,보통,44,보통,21,좋음,0.028,좋음,0.027,좋음,0.4,좋음,0.003
2021-04-09:06,보통,42,보통,21,보통,0.033,좋음,0.02,좋음,0.4,좋음,0.003
2021-04-09:05,보통,40,보통,21,보통,0.036,좋음,0.018,좋음,0.4,좋음,0.003
2021-04-09:04,보통,38,보통,21,좋음,0.025,좋음,0.025,좋음,0.4,좋음,0.003
2021-04-09:03,보통,40,보통,21,보통,0.036,좋음,0.018,좋음,0.4,좋음,0.003
2021-04-09:02,보통,37,보통,20,보통,0.038,좋음,0.017,좋음,0.4,좋음,0.003
2021-04-09:01,보통,38,보통,19,보통,0.038,좋음,0.02,좋음,0.4,좋음,0.003
2021-04-08:24,보통,38,보통,19,보통,0.041,좋음,0.017,좋음,0.4,좋음,0.003
2021-04-08:23,보통,39,보통,20,보통,0.044,좋음,0.015,좋음,0.4,좋음,0.003
2021-04-08:22,좋음,28,좋음,13,보통,0.042,좋음,0.015,좋음,0.3,좋음,0.003
2021-04-08:21,좋음,30,좋음,8,보통,0.04,좋음,0.013,좋음,0.3,좋음,0.003
2021-04-08:20,보통,35,좋음,12,보통,0.041,좋음,0.012,좋음,0.3,좋음,0.002
2021-04-08:19,보통,39,보통,17,보통,0.046,좋음,0.011,좋음,0.3,좋음,0.003
2021-04-08:18,보통,33,좋음,11,보통,0.048,좋음,0.009,좋음,0.3,좋음,0.003
2021-04-08:17,좋음,30,좋음,11,보통,0.047,좋음,0.01,좋음,0.3,좋음,0.002
2021-04-08:16,좋음,29,좋음,11,보통,0.048,좋음,0.01,좋음,0.3,좋음,0.002
2021-04-08:15,보통,32,좋음,15,보통,0.051,좋음,0.01,좋음,0.3,좋음,0.002
2021-04-08:14,보통,31,좋음,13,보통,0.052,좋음,0.008,좋음,0.3,좋음,0.002
2021-04-08:13,보통,41,보통,21,보통,0.054,좋음,0.01,좋음,0.3,좋음,0.003
2021-04-08:12,보통,38,보통,18,보통,0.043,좋음,0.017,좋음,0.3,좋음,0.003
2021-04-08:11,보통,37,보통,16,보통,0.04,좋음,0.02,좋음,0.4,좋음,0.002
2021-04-08:10,보통,33,좋음,13,보통,0.037,좋음,0.022,좋음,0.4,좋음,0.003
2021-04-08:09,보통,47,보통,22,보통,0.032,좋음,0.026,좋음,0.4,좋음,0.003
2021-04-08:08,보통,49,보통,24,좋음,0.029,좋음,0.029,좋음,0.4,좋음,0.003
2021-04-08:07,보통,41,보통,20,좋음,0.02,보통,0.038,좋음,0.4,좋음,0.003
2021-04-08:06,보통,35,보통,18,좋음,0.029,좋음,0.025,좋음,0.4,좋음,0.003
2021-04-08:05,보통,35,보통,21,보통,0.038,좋음,0.019,좋음,0.4,좋음,0.003
2021-04-08:04,보통,35,보통,17,보통,0.04,좋음,0.017,좋음,0.4,좋음,0.003
2021-04-08:03,보통,37,보통,18,보통,0.045,좋음,0.011,좋음,0.4,좋음,0.003
2021-04-08:02,보통,38,보통,17,보통,0.044,좋음,0.013,좋음,0.4,좋음,0.003
2021-04-08:01,보통,41,보통,16,보통,0.042,좋음,0.015,좋음,0.4,좋음,0.003
2021-04-07:24,보통,44,보통,23,보통,0.039,좋음,0.022,좋음,0.4,좋음,0.003
2021-04-07:23,보통,48,보통,27,보통,0.042,좋음,0.023,좋음,0.5,좋음,0.003
2021-04-07:22,보통,43,보통,24,보통,0.049,좋음,0.02,좋음,0.5,좋음,0.003
2021-04-07:21,좋음,29,좋음,13,보통,0.044,좋음,0.025,좋음,0.4,좋음,0.003
2021-04-07:20,좋음,24,좋음,11,보통,0.04,좋음,0.025,좋음,0.3,좋음,0.002
2021-04-07:19,좋음,30,좋음,14,보통,0.045,좋음,0.02,좋음,0.3,좋음,0.003
2021-04-07:18,좋음,30,좋음,13,보통,0.049,좋음,0.017,좋음,0.3,좋음,0.003
2021-04-07:17,보통,39,보통,18,보통,0.049,좋음,0.022,좋음,0.4,좋음,0.003
2021-04-07:16,보통,48,보통,26,보통,0.056,좋음,0.021,좋음,0.4,좋음,0.003
2021-04-07:15,보통,53,보통,29,보통,0.058,좋음,0.021,좋음,0.4,좋음,0.004
2021-04-07:14,보통,47,보통,26,보통,0.049,좋음,0.021,좋음,0.3,좋음,0.004
2021-04-07:13,보통,72,나쁨,45,보통,0.042,좋음,0.026,좋음,0.4,좋음,0.003
2021-04-07:12,나쁨,84,나쁨,53,좋음,0.028,보통,0.049,좋음,0.6,좋음,0.004
2021-04-07:11,나쁨,102,나쁨,67,좋음,0.02,보통,0.057,좋음,0.7,좋음,0.003
2021-04-07:10,나쁨,86,나쁨,55,좋음,0.014,보통,0.059,좋음,0.7,좋음,0.004
2021-04-07:09,나쁨,88,나쁨,56,좋음,0.012,보통,0.057,좋음,0.7,좋음,0.003
2021-04-07:08,나쁨,83,나쁨,58,좋음,0.009,보통,0.047,좋음,0.7,좋음,0.003
2021-04-07:07,나쁨,100,나쁨,70,좋음,0.016,보통,0.039,좋음,0.6,좋음,0.003
2021-04-07:06,나쁨,91,나쁨,63,좋음,0.025,좋음,0.029,좋음,0.6,좋음,0.003
2021-04-07:05,보통,79,나쁨,52,좋음,0.027,보통,0.031,좋음,0.6,좋음,0.002
2021-04-07:04,보통,68,나쁨,44,보통,0.033,좋음,0.027,좋음,0.6,좋음,0.003
2021-04-07:03,보통,69,나쁨,47,보통,0.041,좋음,0.024,좋음,0.5,좋음,0.003
2021-04-07:02,보통,61,나쁨,38,보통,0.045,좋음,0.022,좋음,0.5,좋음,0.003
2021-04-07:01,보통,63,나쁨,38,보통,0.051,좋음,0.02,좋음,0.5,좋음,0.003
2021-04-06:24,보통,56,보통,33,보통,0.048,좋음,0.026,좋음,0.5,좋음,0.003
2021-04-06:23,보통,54,보통,33,보통,0.053,좋음,0.021,좋음,0.4,좋음,0.003
2021-04-06:22,보통,49,보통,27,보통,0.054,좋음,0.018,좋음,0.4,좋음,0.003
2021-04-06:21,보통,47,보통,29,보통,0.045,좋음,0.025,좋음,0.4,좋음,0.003
2021-04-06:20,보통,50,보통,27,보통,0.049,좋음,0.022,좋음,0.4,좋음,0.003
2021-04-06:19,보통,58,보통,32,보통,0.051,좋음,0.024,좋음,0.4,좋음,0.003
2021-04-06:18,보통,57,보통,33,보통,0.063,좋음,0.016,좋음,0.4,좋음,0.003
2021-04-06:17,보통,58,보통,32,보통,0.066,좋음,0.02,좋음,0.4,좋음,0.004
2021-04-06:16,보통,47,보통,25,보통,0.063,좋음,0.017,좋음,0.4,좋음,0.004
2021-04-06:15,보통,55,보통,31,보통,0.06,좋음,0.018,좋음,0.4,좋음,0.004
2021-04-06:14,보통,59,보통,33,보통,0.069,좋음,0.017,좋음,0.4,좋음,0.003
2021-04-06:13,보통,53,보통,28,보통,0.059,좋음,0.018,좋음,0.4,좋음,0.003
2021-04-06:12,보통,44,보통,21,보통,0.036,좋음,0.03,좋음,0.4,좋음,0.003
2021-04-06:11,보통,54,보통,25,좋음,0.021,보통,0.052,좋음,0.5,좋음,0.003
2021-04-06:10,보통,46,보통,23,좋음,0.012,보통,0.056,좋음,0.6,좋음,0.004
2021-04-06:09,보통,44,보통,21,좋음,0.01,보통,0.052,좋음,0.5,좋음,0.003
2021-04-06:08,보통,35,보통,18,좋음,0.009,보통,0.046,좋음,0.5,좋음,0.003
2021-04-06:07,보통,34,보통,16,좋음,0.017,보통,0.036,좋음,0.4,좋음,0.003
2021-04-06:06,좋음,28,좋음,15,좋음,0.025,좋음,0.026,좋음,0.4,좋음,0.003
2021-04-06:05,좋음,27,좋음,15,보통,0.031,좋음,0.017,좋음,0.4,좋음,0.002
2021-04-06:04,좋음,26,좋음,14,좋음,0.028,좋음,0.023,좋음,0.4,좋음,0.002
2021-04-06:03,좋음,28,좋음,13,좋음,0.018,보통,0.035,좋음,0.5,좋음,0.002
2021-04-06:02,좋음,24,좋음,13,좋음,0.026,좋음,0.026,좋음,0.4,좋음,0.003
2021-04-06:01,좋음,25,좋음,13,보통,0.035,좋음,0.02,좋음,0.4,좋음,0.003
2021-04-05:24,좋음,21,좋음,11,보통,0.036,좋음,0.02,좋음,0.4,좋음,0.003
2021-04-05:23,좋음,20,좋음,9,보통,0.038,좋음,0.018,좋음,0.3,좋음,0.003
2021-04-05:22,좋음,20,좋음,10,보통,0.039,좋음,0.015,좋음,0.3,좋음,0.002
2021-04-05:21,좋음,23,좋음,11,보통,0.035,좋음,0.021,좋음,0.4,좋음,0.003
2021-04-05:20,좋음,23,좋음,11,보통,0.039,좋음,0.018,좋음,0.3,좋음,0.002
2021-04-05:19,좋음,28,좋음,14,보통,0.044,좋음,0.017,좋음,0.3,좋음,0.002
2021-04-05:18,보통,33,보통,16,보통,0.043,좋음,0.02,좋음,0.3,좋음,0.002
2021-04-05:17,좋음,19,좋음,9,보통,0.039,좋음,0.026,좋음,0.3,좋음,0.003
2021-04-05:16,좋음,17,좋음,9,보통,0.041,좋음,0.02,좋음,0.3,좋음,0.002
2021-04-05:15,좋음,19,좋음,10,보통,0.039,좋음,0.02,좋음,0.3,좋음,0.002
2021-04-05:14,좋음,19,좋음,12,보통,0.039,좋음,0.017,좋음,0.3,좋음,0.003
2021-04-05:13,좋음,19,좋음,11,보통,0.039,좋음,0.014,좋음,0.3,좋음,0.002
2021-04-05:12,좋음,18,좋음,9,보통,0.035,좋음,0.018,좋음,0.4,좋음,0.002
2021-04-05:11,좋음,22,좋음,10,좋음,0.03,좋음,0.023,좋음,0.4,좋음,0.002
2021-04-05:10,좋음,19,좋음,7,좋음,0.025,좋음,0.026,좋음,0.4,좋음,0.002
2021-04-05:09,좋음,27,좋음,10,좋음,0.02,좋음,0.03,좋음,0.4,좋음,0.002
2021-04-05:08,좋음,23,좋음,10,좋음,0.018,좋음,0.029,좋음,0.4,좋음,0.002
2021-04-05:07,좋음,28,좋음,12,좋음,0.018,좋음,0.028,좋음,0.3,좋음,0.003
2021-04-05:06,좋음,22,좋음,11,좋음,0.024,좋음,0.019,좋음,0.3,좋음,0.002
2021-04-05:05,좋음,25,좋음,11,보통,0.032,좋음,0.011,좋음,0.3,좋음,0.002
2021-04-05:04,좋음,24,좋음,11,좋음,0.028,좋음,0.015,좋음,0.3,좋음,0.002
2021-04-05:03,좋음,26,좋음,13,좋음,0.027,좋음,0.017,좋음,0.3,좋음,0.002
2021-04-05:02,좋음,25,좋음,13,좋음,0.025,좋음,0.019,좋음,0.3,좋음,0.002
2021-04-05:01,좋음,28,좋음,11,좋음,0.029,좋음,0.018,좋음,0.3,좋음,0.002
2021-04-04:24,좋음,25,좋음,11,보통,0.033,좋음,0.016,좋음,0.3,좋음,0.003
2021-04-04:23,좋음,26,좋음,13,좋음,0.029,좋음,0.019,좋음,0.3,좋음,0.002
2021-04-04:22,좋음,25,좋음,12,보통,0.031,좋음,0.018,좋음,0.3,좋음,0.002
2021-04-04:21,좋음,26,좋음,12,보통,0.034,좋음,0.014,좋음,0.3,좋음,0.002
2021-04-04:20,좋음,23,좋음,12,보통,0.034,좋음,0.014,좋음,0.3,좋음,0.002
2021-04-04:19,좋음,20,좋음,11,보통,0.035,좋음,0.014,좋음,0.3,좋음,0.002
2021-04-04:18,좋음,14,좋음,9,보통,0.04,좋음,0.01,좋음,0.3,좋음,0.002
2021-04-04:17,좋음,11,좋음,6,보통,0.039,좋음,0.01,좋음,0.3,좋음,0.002
2021-04-04:16,좋음,9,좋음,5,보통,0.039,좋음,0.009,좋음,0.3,좋음,0.002
2021-04-04:15,좋음,12,좋음,8,보통,0.04,좋음,0.01,좋음,0.3,좋음,0.002
2021-04-04:14,좋음,10,좋음,7,보통,0.04,좋음,0.01,좋음,0.3,좋음,0.002
2021-04-04:13,좋음,8,좋음,5,보통,0.039,좋음,0.009,좋음,0.3,좋음,0.002
2021-04-04:12,좋음,5,좋음,1,보통,0.036,좋음,0.01,좋음,0.3,좋음,0.002
2021-04-04:11,좋음,7,좋음,3,보통,0.035,좋음,0.01,좋음,0.3,좋음,0.002
2021-04-04:10,좋음,3,좋음,1,보통,0.032,좋음,0.012,좋음,0.3,좋음,0.002
2021-04-04:09,좋음,6,좋음,1,보통,0.032,좋음,0.012,좋음,0.3,좋음,0.002
2021-04-04:08,좋음,3,좋음,1,보통,0.033,좋음,0.011,좋음,0.3,좋음,0.002
2021-04-04:07,좋음,6,좋음,1,보통,0.032,좋음,0.011,좋음,0.3,좋음,0.002
2021-04-04:06,좋음,3,좋음,2,보통,0.035,좋음,0.008,좋음,0.3,좋음,0.002
2021-04-04:05,좋음,7,좋음,3,보통,0.037,좋음,0.006,좋음,0.3,좋음,0.002
2021-04-04:04,좋음,3,좋음,1,보통,0.039,좋음,0.006,좋음,0.3,좋음,0.003
2021-04-04:03,좋음,4,좋음,2,보통,0.039,좋음,0.006,좋음,0.3,좋음,0.002
2021-04-04:02,좋음,4,좋음,2,보통,0.038,좋음,0.008,좋음,0.3,좋음,0.002
2021-04-04:01,좋음,8,좋음,2,보통,0.036,좋음,0.01,좋음,0.3,좋음,0.003
2021-04-03:24,좋음,3,좋음,2,보통,0.031,좋음,0.014,좋음,0.3,좋음,0.003
2021-04-03:23,좋음,17,좋음,13,보통,0.031,좋음,0.012,좋음,0.4,좋음,0.002
2021-04-03:22,좋음,22,좋음,15,좋음,0.026,좋음,0.015,좋음,0.4,좋음,0.002
2021-04-03:21,좋음,7,좋음,6,좋음,0.022,좋음,0.017,좋음,0.4,좋음,0.002
2021-04-03:20,좋음,7,좋음,5,좋음,0.018,좋음,0.022,좋음,0.4,좋음,0.002
2021-04-03:19,좋음,8,좋음,4,좋음,0.017,좋음,0.024,좋음,0.4,좋음,0.003
2021-04-03:18,좋음,7,좋음,4,좋음,0.02,좋음,0.023,좋음,0.4,좋음,0.003
2021-04-03:17,좋음,13,좋음,8,좋음,0.018,좋음,0.026,좋음,0.4,좋음,0.003
2021-04-03:16,좋음,15,좋음,9,좋음,0.018,좋음,0.026,좋음,0.5,좋음,0.003
2021-04-03:15,좋음,21,좋음,14,좋음,0.017,좋음,0.028,좋음,0.5,좋음,0.003
2021-04-03:14,좋음,27,좋음,13,좋음,0.019,좋음,0.028,좋음,0.5,좋음,0.003
2021-04-03:13,보통,35,보통,16,좋음,0.022,좋음,0.026,좋음,0.5,좋음,0.003
2021-04-03:12,보통,56,보통,19,좋음,0.023,좋음,0.027,좋음,0.4,좋음,0.003
2021-04-03:11,보통,78,보통,24,좋음,0.018,보통,0.04,좋음,0.5,좋음,0.002
2021-04-03:10,보통,60,보통,20,좋음,0.026,좋음,0.029,좋음,0.4,좋음,0.003
2021-04-03:09,보통,64,보통,19,좋음,0.024,보통,0.031,좋음,0.4,좋음,0.003
2021-04-03:08,보통,55,보통,19,좋음,0.024,좋음,0.028,좋음,0.4,좋음,0.003
2021-04-03:07,보통,56,보통,19,좋음,0.025,좋음,0.028,좋음,0.4,좋음,0.003
2021-04-03:06,보통,53,보통,19,좋음,0.027,좋음,0.023,좋음,0.4,좋음,0.003
2021-04-03:05,보통,59,보통,25,좋음,0.026,좋음,0.022,좋음,0.4,좋음,0.003
2021-04-03:04,보통,54,보통,20,좋음,0.02,보통,0.031,좋음,0.4,좋음,0.003
2021-04-03:03,보통,58,보통,21,좋음,0.019,보통,0.034,좋음,0.4,좋음,0.003
2021-04-03:02,보통,59,보통,21,좋음,0.007,보통,0.055,좋음,0.6,좋음,0.003
2021-04-03:01,보통,63,보통,24,좋음,0.005,나쁨,0.062,좋음,0.6,좋음,0.003
2021-04-02:24,보통,60,보통,20,좋음,0.006,나쁨,0.061,좋음,0.5,좋음,0.004
2021-04-02:23,보통,68,보통,28,좋음,0.006,나쁨,0.066,좋음,0.6,좋음,0.003
2021-04-02:22,보통,59,보통,20,좋음,0.008,나쁨,0.065,좋음,0.6,좋음,0.003
2021-04-02:21,보통,62,보통,21,좋음,0.024,보통,0.042,좋음,0.4,좋음,0.003
2021-04-02:20,보통,66,보통,20,좋음,0.016,보통,0.058,좋음,0.5,좋음,0.004
2021-04-02:19,보통,56,보통,17,좋음,0.019,보통,0.055,좋음,0.4,좋음,0.004
2021-04-02:18,보통,46,좋음,14,보통,0.04,좋음,0.027,좋음,0.4,좋음,0.003
2021-04-02:17,보통,51,보통,17,보통,0.041,좋음,0.025,좋음,0.3,좋음,0.003
2021-04-02:16,보통,49,좋음,15,보통,0.039,보통,0.032,좋음,0.4,좋음,0.003
2021-04-02:15,보통,46,좋음,15,보통,0.043,좋음,0.025,좋음,0.4,좋음,0.003
2021-04-02:14,보통,40,좋음,13,보통,0.042,좋음,0.021,좋음,0.3,좋음,0.002
2021-04-02:13,보통,46,좋음,14,보통,0.041,좋음,0.019,좋음,0.3,좋음,0.002
2021-04-02:12,보통,45,좋음,12,보통,0.038,좋음,0.021,좋음,0.4,좋음,0.003
2021-04-02:11,보통,50,좋음,14,보통,0.033,좋음,0.025,좋음,0.4,좋음,0.002
2021-04-02:10,보통,48,좋음,11,보통,0.033,좋음,0.024,좋음,0.4,좋음,0.002
2021-04-02:09,보통,61,좋음,13,좋음,0.027,보통,0.031,좋음,0.4,좋음,0.003
2021-04-02:08,보통,50,좋음,11,좋음,0.028,좋음,0.03,좋음,0.4,좋음,0.002
2021-04-02:07,보통,55,좋음,12,보통,0.031,좋음,0.025,좋음,0.3,좋음,0.002
2021-04-02:06,보통,50,좋음,12,보통,0.035,좋음,0.019,좋음,0.3,좋음,0.002
2021-04-02:05,보통,56,좋음,12,보통,0.04,좋음,0.013,좋음,0.3,좋음,0.003
2021-04-02:04,보통,54,좋음,13,보통,0.041,좋음,0.012,좋음,0.3,좋음,0.002
2021-04-02:03,보통,56,좋음,13,보통,0.042,좋음,0.011,좋음,0.3,좋음,0.003
2021-04-02:02,보통,54,좋음,13,보통,0.044,좋음,0.009,좋음,0.3,좋음,0.002
2021-04-02:01,보통,57,좋음,14,보통,0.043,좋음,0.011,좋음,0.3,좋음,0.002
2021-04-01:24,보통,55,좋음,14,보통,0.038,좋음,0.017,좋음,0.3,좋음,0.002
2021-04-01:23,보통,60,좋음,15,보통,0.037,좋음,0.017,좋음,0.3,좋음,0.003
2021-04-01:22,보통,55,보통,16,보통,0.035,좋음,0.02,좋음,0.4,좋음,0.003
2021-04-01:21,보통,58,보통,17,좋음,0.029,좋음,0.027,좋음,0.4,좋음,0.002
2021-04-01:20,보통,65,보통,20,보통,0.034,좋음,0.026,좋음,0.4,좋음,0.003
2021-04-01:19,보통,74,보통,16,보통,0.037,좋음,0.025,좋음,0.4,좋음,0.003
2021-04-01:18,보통,66,좋음,15,보통,0.041,좋음,0.025,좋음,0.4,좋음,0.003
2021-04-01:17,보통,60,좋음,13,보통,0.043,좋음,0.023,좋음,0.4,좋음,0.003
2021-04-01:16,보통,51,좋음,13,보통,0.042,좋음,0.022,좋음,0.4,좋음,0.003
2021-04-01:15,보통,50,좋음,13,보통,0.041,좋음,0.022,좋음,0.4,좋음,0.003
2021-04-01:14,보통,47,좋음,13,보통,0.043,좋음,0.018,좋음,0.3,좋음,0.003
2021-04-01:13,보통,48,좋음,13,보통,0.041,좋음,0.019,좋음,0.3,좋음,0.002
2021-04-01:12,보통,43,좋음,13,보통,0.038,좋음,0.022,좋음,0.4,좋음,0.003
2021-04-01:11,보통,47,좋음,12,보통,0.032,좋음,0.026,좋음,0.4,좋음,0.003
2021-04-01:10,보통,42,좋음,11,좋음,0.028,좋음,0.03,좋음,0.5,좋음,0.003
2021-04-01:09,보통,45,보통,16,좋음,0.025,보통,0.034,좋음,0.4,좋음,0.003
2021-04-01:08,보통,36,좋음,14,좋음,0.009,보통,0.051,좋음,0.5,좋음,0.003
2021-04-01:07,보통,40,보통,16,좋음,0.01,보통,0.049,좋음,0.5,좋음,0.003
2021-04-01:06,보통,35,보통,16,좋음,0.011,보통,0.045,좋음,0.5,좋음,0.003
2021-04-01:05,보통,38,보통,19,좋음,0.018,보통,0.033,좋음,0.5,좋음,0.003
2021-04-01:04,보통,36,보통,17,좋음,0.019,보통,0.033,좋음,0.5,좋음,0.003
2021-04-01:03,보통,41,보통,23,좋음,0.006,보통,0.052,좋음,0.6,좋음,0.003
2021-04-01:02,보통,37,보통,18,좋음,0.003,보통,0.055,좋음,0.6,좋음,0.003
2021-04-01:01,보통,39,보통,20,좋음,0.003,보통,0.057,좋음,0.6,좋음,0.003
2021-03-31:24,보통,40,보통,18,좋음,0.014,보통,0.044,좋음,0.5,좋음,0.003
2021-03-31:23,보통,41,보통,19,보통,0.035,좋음,0.023,좋음,0.5,좋음,0.003
2021-03-31:22,보통,36,보통,16,보통,0.035,좋음,0.024,좋음,0.4,좋음,0.003
2021-03-31:21,보통,42,좋음,15,좋음,0.023,보통,0.037,좋음,0.5,좋음,0.003
2021-03-31:20,보통,36,좋음,15,좋음,0.023,보통,0.04,좋음,0.4,좋음,0.003
2021-03-31:19,보통,35,좋음,15,보통,0.034,좋음,0.029,좋음,0.4,좋음,0.003
2021-03-31:18,보통,37,보통,16,보통,0.048,좋음,0.025,좋음,0.3,좋음,0.003
2021-03-31:17,보통,47,보통,23,보통,0.04,좋음,0.028,좋음,0.4,좋음,0.003
2021-03-31:16,보통,39,보통,18,보통,0.032,보통,0.037,좋음,0.5,좋음,0.003
2021-03-31:15,보통,38,보통,21,보통,0.039,좋음,0.029,좋음,0.4,좋음,0.003
2021-03-31:14,보통,43,보통,21,보통,0.041,좋음,0.027,좋음,0.4,좋음,0.004
2021-03-31:13,보통,50,보통,22,보통,0.041,좋음,0.026,좋음,0.4,좋음,0.003
2021-03-31:12,보통,58,보통,26,좋음,0.028,보통,0.04,좋음,0.6,좋음,0.003
2021-03-31:11,보통,63,보통,24,좋음,0.02,보통,0.046,좋음,0.6,좋음,0.004
2021-03-31:10,보통,77,,,좋음,0.02,보통,0.04,좋음,0.6,좋음,0.003
2021-03-31:09,보통,76,,,좋음,0.01,보통,0.054,좋음,0.8,좋음,0.004
2021-03-31:08,보통,50,보통,22,좋음,0.005,보통,0.054,좋음,0.7,좋음,0.003
2021-03-31:07,보통,48,보통,21,좋음,0.003,보통,0.052,좋음,0.6,좋음,0.003
2021-03-31:06,보통,39,보통,18,좋음,0.003,보통,0.049,좋음,0.6,좋음,0.003
2021-03-31:05,보통,46,보통,19,좋음,0.008,보통,0.042,좋음,0.5,좋음,0.003
2021-03-31:04,보통,41,보통,17,좋음,0.006,보통,0.046,좋음,0.6,좋음,0.003
2021-03-31:03,보통,48,보통,20,좋음,0.003,보통,0.054,좋음,0.6,좋음,0.002
2021-03-31:02,보통,42,보통,17,좋음,0.003,보통,0.06,좋음,0.7,좋음,0.003
2021-03-31:01,보통,52,보통,21,좋음,0.007,보통,0.053,좋음,0.6,좋음,0.003
2021-03-30:24,보통,51,보통,19,좋음,0.003,나쁨,0.068,좋음,0.7,좋음,0.004
2021-03-30:23,보통,51,보통,21,좋음,0.008,나쁨,0.061,좋음,0.5,좋음,0.003
2021-03-30:22,보통,45,보통,16,좋음,0.016,보통,0.051,좋음,0.5,좋음,0.003
2021-03-30:21,보통,47,보통,18,보통,0.033,좋음,0.03,좋음,0.4,좋음,0.003
2021-03-30:20,보통,48,보통,18,보통,0.039,좋음,0.026,좋음,0.4,좋음,0.003
2021-03-30:19,보통,54,보통,22,보통,0.041,좋음,0.024,좋음,0.4,좋음,0.003
2021-03-30:18,보통,42,좋음,15,보통,0.048,좋음,0.016,좋음,0.3,좋음,0.003
2021-03-30:17,보통,50,보통,17,보통,0.053,좋음,0.013,좋음,0.3,좋음,0.003
2021-03-30:16,보통,51,좋음,15,보통,0.053,좋음,0.013,좋음,0.3,좋음,0.003
2021-03-30:15,보통,53,보통,16,보통,0.055,좋음,0.01,좋음,0.3,좋음,0.003
2021-03-30:14,보통,60,보통,17,보통,0.051,좋음,0.013,좋음,0.4,좋음,0.003
2021-03-30:13,보통,72,보통,18,보통,0.043,좋음,0.017,좋음,0.3,좋음,0.003
2021-03-30:12,나쁨,83,보통,23,보통,0.035,좋음,0.023,좋음,0.4,좋음,0.003
2021-03-30:11,나쁨,130,보통,28,좋음,0.023,보통,0.036,좋음,0.5,좋음,0.004
2021-03-30:10,나쁨,147,보통,28,좋음,0.015,보통,0.045,좋음,0.6,좋음,0.003
2021-03-30:09,매우나쁨,162,보통,34,좋음,0.009,보통,0.049,좋음,0.9,좋음,0.003
2021-03-30:08,매우나쁨,157,보통,32,좋음,0.004,보통,0.047,좋음,0.7,좋음,0.003
2021-03-30:07,매우나쁨,232,나쁨,43,좋음,0.005,보통,0.043,좋음,0.5,좋음,0.003
2021-03-30:06,매우나쁨,280,나쁨,50,좋음,0.003,보통,0.04,좋음,0.6,좋음,0.003
2021-03-30:05,매우나쁨,391,나쁨,64,좋음,0.005,보통,0.038,좋음,0.6,좋음,0.003
2021-03-30:04,매우나쁨,428,나쁨,68,좋음,0.008,보통,0.038,좋음,0.6,좋음,0.003
2021-03-30:03,매우나쁨,437,나쁨,71,좋음,0.012,보통,0.033,좋음,0.5,좋음,0.002
2021-03-30:02,매우나쁨,452,나쁨,70,좋음,0.015,좋음,0.03,좋음,0.5,좋음,0.002
2021-03-30:01,매우나쁨,421,나쁨,69,좋음,0.019,좋음,0.028,좋음,0.5,좋음,0.003
2021-03-29:24,매우나쁨,382,나쁨,64,좋음,0.019,보통,0.032,좋음,0.5,좋음,0.002
2021-03-29:23,매우나쁨,382,나쁨,62,좋음,0.014,보통,0.042,좋음,0.6,좋음,0.003
2021-03-29:22,매우나쁨,313,나쁨,53,좋음,0.017,보통,0.041,좋음,0.5,좋음,0.003
2021-03-29:21,매우나쁨,220,나쁨,38,좋음,0.025,보통,0.033,좋음,0.5,좋음,0.003
2021-03-29:20,매우나쁨,182,보통,31,좋음,0.025,보통,0.034,좋음,0.5,좋음,0.003
2021-03-29:19,매우나쁨,176,보통,27,좋음,0.03,좋음,0.029,좋음,0.4,좋음,0.003
2021-03-29:18,매우나쁨,183,보통,27,보통,0.034,좋음,0.024,좋음,0.4,좋음,0.003
2021-03-29:17,매우나쁨,191,보통,28,보통,0.035,좋음,0.022,좋음,0.4,좋음,0.003
2021-03-29:16,매우나쁨,187,보통,25,보통,0.04,좋음,0.014,좋음,0.3,좋음,0.003
2021-03-29:15,매우나쁨,195,보통,22,보통,0.041,좋음,0.012,좋음,0.3,좋음,0.003
2021-03-29:14,매우나쁨,243,보통,31,보통,0.041,좋음,0.011,좋음,0.4,좋음,0.003
2021-03-29:13,매우나쁨,243,보통,32,보통,0.039,좋음,0.014,좋음,0.4,좋음,0.003
2021-03-29:12,매우나쁨,271,보통,31,보통,0.037,좋음,0.012,좋음,0.4,좋음,0.003
2021-03-29:11,매우나쁨,481,나쁨,56,보통,0.035,좋음,0.011,좋음,0.4,좋음,0.003
2021-03-29:10,매우나쁨,598,매우나쁨,88,좋음,0.023,좋음,0.02,좋음,0.6,좋음,0.002
2021-03-29:09,매우나쁨,522,매우나쁨,95,좋음,0.017,좋음,0.025,좋음,0.7,좋음,0.002
2021-03-29:08,매우나쁨,464,매우나쁨,96,좋음,0.017,좋음,0.026,좋음,0.7,좋음,0.002
2021-03-29:07,매우나쁨,545,매우나쁨,120,좋음,0.014,좋음,0.027,좋음,0.8,좋음,0.002
2021-03-29:06,매우나쁨,525,매우나쁨,114,좋음,0.014,좋음,0.024,좋음,0.8,좋음,0.002
2021-03-29:05,매우나쁨,488,매우나쁨,114,좋음,0.018,좋음,0.022,좋음,0.8,좋음,0.002
2021-03-29:04,매우나쁨,421,매우나쁨,106,좋음,0.024,좋음,0.016,좋음,0.8,좋음,0.002
2021-03-29:03,매우나쁨,295,매우나쁨,77,좋음,0.028,좋음,0.014,좋음,0.8,좋음,0.002
2021-03-29:02,나쁨,81,보통,29,보통,0.041,좋음,0.012,좋음,0.6,좋음,0.002
2021-03-29:01,좋음,30,보통,17,보통,0.044,좋음,0.013,좋음,0.5,좋음,0.003
2021-03-28:24,보통,42,보통,31,보통,0.04,좋음,0.018,좋음,0.6,좋음,0.002
2021-03-28:23,보통,57,나쁨,37,보통,0.038,좋음,0.019,좋음,0.6,좋음,0.003
2021-03-28:22,보통,40,보통,26,보통,0.034,좋음,0.021,좋음,0.6,좋음,0.002
2021-03-28:21,좋음,30,보통,21,보통,0.033,좋음,0.02,좋음,0.5,좋음,0.002
2021-03-28:20,좋음,24,보통,17,보통,0.035,좋음,0.02,좋음,0.4,좋음,0.003
2021-03-28:19,좋음,22,좋음,15,보통,0.043,좋음,0.016,좋음,0.4,좋음,0.002
2021-03-28:18,좋음,20,좋음,14,보통,0.043,좋음,0.014,좋음,0.4,좋음,0.002
2021-03-28:17,좋음,27,보통,21,보통,0.041,좋음,0.016,좋음,0.4,좋음,0.002
2021-03-28:16,좋음,26,보통,20,보통,0.035,좋음,0.017,좋음,0.4,좋음,0.002
2021-03-28:15,좋음,27,보통,20,보통,0.037,좋음,0.014,좋음,0.4,좋음,0.002
2021-03-28:14,좋음,26,보통,18,좋음,0.03,좋음,0.02,좋음,0.4,좋음,0.002
2021-03-28:13,좋음,26,보통,17,좋음,0.029,좋음,0.02,좋음,0.5,좋음,0.002
2021-03-28:12,좋음,17,좋음,12,좋음,0.026,좋음,0.023,좋음,0.5,좋음,0.002
2021-03-28:11,좋음,17,좋음,12,좋음,0.029,좋음,0.019,좋음,0.5,좋음,0.002
2021-03-28:10,좋음,9,좋음,8,보통,0.032,좋음,0.015,좋음,0.5,좋음,0.002
2021-03-28:09,좋음,12,좋음,8,보통,0.033,좋음,0.013,좋음,0.5,좋음,0.002
2021-03-28:08,좋음,14,좋음,11,보통,0.032,좋음,0.013,좋음,0.4,좋음,0.003
2021-03-28:07,좋음,24,좋음,14,보통,0.031,좋음,0.011,좋음,0.4,좋음,0.003
2021-03-28:06,좋음,12,좋음,7,좋음,0.029,좋음,0.011,좋음,0.3,좋음,0.002
2021-03-28:05,좋음,11,좋음,10,좋음,0.027,좋음,0.009,좋음,0.3,좋음,0.002
2021-03-28:04,좋음,6,좋음,4,좋음,0.02,좋음,0.008,좋음,0.3,좋음,0.003
2021-03-28:03,좋음,9,좋음,6,좋음,0.022,좋음,0.01,좋음,0.3,좋음,0.003
2021-03-28:02,좋음,14,좋음,8,좋음,0.015,좋음,0.024,좋음,0.4,좋음,0.003
2021-03-28:01,좋음,21,좋음,12,좋음,0.014,좋음,0.029,좋음,0.6,좋음,0.002
2021-03-27:24,좋음,20,좋음,12,좋음,0.014,보통,0.032,좋음,0.5,좋음,0.002
2021-03-27:23,좋음,25,보통,17,좋음,0.014,보통,0.036,좋음,0.5,좋음,0.003
2021-03-27:22,좋음,25,보통,17,좋음,0.017,보통,0.034,좋음,0.5,좋음,0.003
2021-03-27:21,보통,35,보통,24,좋음,0.015,보통,0.039,좋음,0.6,좋음,0.003
2021-03-27:20,보통,37,보통,22,좋음,0.017,보통,0.039,좋음,0.5,좋음,0.002
2021-03-27:19,보통,41,보통,23,좋음,0.023,보통,0.036,좋음,0.5,좋음,0.003
2021-03-27:18,보통,42,보통,23,좋음,0.023,보통,0.04,좋음,0.5,좋음,0.003
2021-03-27:17,보통,52,보통,27,좋음,0.019,보통,0.047,좋음,0.5,좋음,0.003
2021-03-27:16,보통,59,보통,30,좋음,0.02,보통,0.048,좋음,0.6,좋음,0.003
2021-03-27:15,보통,60,보통,29,좋음,0.024,보통,0.045,좋음,0.5,좋음,0.003
2021-03-27:14,보통,60,보통,31,좋음,0.026,보통,0.044,좋음,0.5,좋음,0.002
2021-03-27:13,보통,80,나쁨,44,좋음,0.021,보통,0.052,좋음,0.6,좋음,0.003
2021-03-27:12,나쁨,84,나쁨,44,좋음,0.013,나쁨,0.062,좋음,0.7,좋음,0.005
2021-03-27:11,나쁨,86,나쁨,46,좋음,0.009,나쁨,0.066,좋음,0.7,좋음,0.005
2021-03-27:10,나쁨,90,나쁨,50,좋음,0.009,나쁨,0.065,좋음,0.6,좋음,0.005
2021-03-27:09,나쁨,100,나쁨,53,좋음,0.008,나쁨,0.068,좋음,0.8,좋음,0.004
2021-03-27:08,나쁨,92,나쁨,50,좋음,0.003,나쁨,0.075,좋음,0.9,좋음,0.005
2021-03-27:07,나쁨,89,나쁨,52,좋음,0.002,나쁨,0.075,좋음,0.9,좋음,0.004
2021-03-27:06,나쁨,81,나쁨,47,좋음,0.003,나쁨,0.076,좋음,0.9,좋음,0.004
2021-03-27:05,나쁨,91,나쁨,55,좋음,0.011,나쁨,0.065,좋음,0.7,좋음,0.004
2021-03-27:04,나쁨,107,나쁨,70,좋음,0.003,나쁨,0.084,좋음,1,좋음,0.004
2021-03-27:03,나쁨,125,매우나쁨,78,좋음,0.003,나쁨,0.09,좋음,1.1,좋음,0.005
2021-03-27:02,나쁨,110,나쁨,69,좋음,0.003,나쁨,0.088,좋음,1,좋음,0.004
2021-03-27:01,나쁨,120,나쁨,72,좋음,0.003,나쁨,0.088,좋음,1.2,좋음,0.004
2021-03-26:24,나쁨,110,나쁨,67,좋음,0.003,나쁨,0.098,좋음,1.4,좋음,0.004
2021-03-26:23,나쁨,122,매우나쁨,77,좋음,0.003,나쁨,0.095,좋음,1.2,좋음,0.004
2021-03-26:22,나쁨,110,나쁨,66,좋음,0.002,나쁨,0.094,좋음,1.1,좋음,0.004
2021-03-26:21,나쁨,138,매우나쁨,85,좋음,0.003,나쁨,0.098,좋음,0.9,좋음,0.004
2021-03-26:20,나쁨,124,나쁨,74,좋음,0.009,나쁨,0.093,좋음,0.7,좋음,0.004
2021-03-26:19,나쁨,89,나쁨,49,좋음,0.024,나쁨,0.069,좋음,0.6,좋음,0.004
2021-03-26:18,나쁨,91,나쁨,52,보통,0.034,보통,0.054,좋음,0.6,좋음,0.004
2021-03-26:17,나쁨,104,나쁨,61,보통,0.033,보통,0.056,좋음,0.6,좋음,0.004
2021-03-26:16,나쁨,97,나쁨,58,보통,0.033,보통,0.053,좋음,0.6,좋음,0.003
2021-03-26:15,나쁨,122,매우나쁨,78,보통,0.032,보통,0.053,좋음,0.6,좋음,0.004
2021-03-26:14,나쁨,119,나쁨,75,좋음,0.027,보통,0.06,좋음,0.8,좋음,0.004
2021-03-26:13,나쁨,134,매우나쁨,92,좋음,0.029,보통,0.057,좋음,0.8,좋음,0.005
2021-03-26:12,매우나쁨,151,매우나쁨,101,좋음,0.022,나쁨,0.073,좋음,1.1,좋음,0.005
2021-03-26:11,매우나쁨,160,매우나쁨,113,좋음,0.016,나쁨,0.073,좋음,1.1,좋음,0.005
2021-03-26:10,나쁨,150,매우나쁨,111,좋음,0.009,나쁨,0.068,좋음,1.1,좋음,0.004
2021-03-26:09,매우나쁨,152,매우나쁨,110,좋음,0.008,보통,0.056,좋음,1.1,좋음,0.003
2021-03-26:08,나쁨,143,매우나쁨,103,좋음,0.006,보통,0.05,좋음,0.7,좋음,0.003
2021-03-26:07,나쁨,144,매우나쁨,103,좋음,0.007,보통,0.048,좋음,0.7,좋음,0.003
2021-03-26:06,나쁨,131,매우나쁨,96,좋음,0.018,보통,0.041,좋음,0.6,좋음,0.003
2021-03-26:05,나쁨,131,매우나쁨,95,좋음,0.016,보통,0.035,좋음,0.6,좋음,0.003
2021-03-26:04,나쁨,117,매우나쁨,87,좋음,0.016,보통,0.036,좋음,0.6,좋음,0.003
2021-03-26:03,나쁨,115,매우나쁨,83,좋음,0.018,보통,0.037,좋음,0.6,좋음,0.003
2021-03-26:02,나쁨,106,매우나쁨,79,좋음,0.019,보통,0.038,좋음,0.6,좋음,0.003
2021-03-26:01,나쁨,102,매우나쁨,77,좋음,0.016,보통,0.045,좋음,0.6,좋음,0.002
2021-03-25:24,나쁨,87,나쁨,65,좋음,0.011,보통,0.055,좋음,0.6,좋음,0.003
2021-03-25:23,나쁨,81,나쁨,64,좋음,0.009,나쁨,0.061,좋음,0.6,좋음,0.003
2021-03-25:22,나쁨,83,나쁨,55,좋음,0.011,나쁨,0.065,좋음,0.6,좋음,0.003
2021-03-25:21,나쁨,88,나쁨,47,좋음,0.02,나쁨,0.063,좋음,0.6,좋음,0.004
2021-03-25:20,나쁨,87,나쁨,48,보통,0.034,보통,0.054,좋음,0.6,좋음,0.004
2021-03-25:19,나쁨,110,나쁨,53,보통,0.049,보통,0.045,좋음,0.5,좋음,0.004
2021-03-25:18,나쁨,113,나쁨,53,보통,0.074,보통,0.033,좋음,0.5,좋음,0.005
2021-03-25:17,나쁨,122,나쁨,58,보통,0.085,보통,0.031,좋음,0.5,좋음,0.006
2021-03-25:16,나쁨,110,나쁨,52,보통,0.075,좋음,0.026,좋음,0.5,좋음,0.005
2021-03-25:15,나쁨,108,나쁨,58,보통,0.069,좋음,0.03,좋음,0.5,좋음,0.004
2021-03-25:14,나쁨,97,나쁨,53,보통,0.054,보통,0.039,좋음,0.5,좋음,0.004
2021-03-25:13,나쁨,89,나쁨,50,보통,0.049,보통,0.038,좋음,0.5,좋음,0.004
2021-03-25:12,보통,73,나쁨,40,보통,0.042,보통,0.042,좋음,0.5,좋음,0.003
2021-03-25:11,보통,66,보통,33,보통,0.036,보통,0.037,좋음,0.5,좋음,0.003
2021-03-25:10,보통,56,보통,30,좋음,0.025,보통,0.041,좋음,0.5,좋음,0.003
2021-03-25:09,보통,57,보통,32,좋음,0.008,보통,0.052,좋음,0.7,좋음,0.003
2021-03-25:08,보통,47,보통,25,좋음,0.004,보통,0.054,좋음,0.6,좋음,0.003
2021-03-25:07,보통,48,보통,26,좋음,0.008,보통,0.048,좋음,0.5,좋음,0.003
2021-03-25:06,보통,40,보통,18,보통,0.032,좋음,0.02,좋음,0.3,좋음,0.003
2021-03-25:05,보통,39,보통,18,좋음,0.026,좋음,0.025,좋음,0.4,좋음,0.003
2021-03-25:04,보통,34,좋음,15,좋음,0.017,보통,0.033,좋음,0.4,좋음,0.002
2021-03-25:03,보통,35,좋음,13,좋음,0.029,좋음,0.025,좋음,0.4,좋음,0.003
2021-03-25:02,보통,35,좋음,13,보통,0.031,좋음,0.025,좋음,0.3,좋음,0.003
2021-03-25:01,보통,42,좋음,13,좋음,0.022,보통,0.037,좋음,0.4,좋음,0.003